role_id,display_name,defined_by,origin,semantic_scope,domains,summoning_intents,capability_ids,never_does,reachable_metric_count
data_analyst,Data Analyst,ai_agent_roles.md 1,ai_agent_roles.md 1 (spec-defined lens),"Any metric -- raw lookups, filters, groupings.",Financial;Operations;Risk & Data Quality,lookup;filtered_lookup;trend;comparison,kpi_lookup;trend;period_comparison;segmentation;dimensional_analysis;anomaly_surface;data_quality_check;metric_reconciliation;drill_down;root_cause_exploration,"Introduce a metric, dimension, or grouping the semantic layer does not already document.",56
business_analyst,Business Analyst,ai_agent_roles.md 1,ai_agent_roles.md 1 (spec-defined lens),"Cross-cutting synthesis, risk scans, recommendations.",Financial;Operations,risk_scan;recommendation,business_performance;operational_efficiency;business_risk_scan;recommendation;cross_domain_synthesis,Blend competing definitions into one business conclusion.,47
financial_analyst,Financial Analyst,"ai_agent_roles.md 1 (semantic_layer.md 1-6, 10-16)",ai_agent_roles.md 1 (spec-defined lens),"Revenue, collections, invoices, AR, deposits, expenses, owner payments, profit, ledger, cash.",Financial,,pnl;revenue_analysis;expense_analysis;collections_analysis;ar_analysis;deposit_analysis;ledger_analysis;cash_movement;owner_payment_analysis;reconciliation;accounting_consistency;revenue_forecast,"State a single financial truth where the evidence carries competing definitions. Every conflict is preserved, never resolved.",31
operations_analyst,Operations Analyst,"ai_agent_roles.md 1 (semantic_layer.md 7-9, 13-14)",ai_agent_roles.md 1 (spec-defined lens),"Occupancy, tenants, lifecycle, maintenance, EB.",Operations,,occupancy_analysis;bed_utilization;tenant_lifecycle;maintenance_analysis;eb_analysis;operational_utilization,Present a bed/apartment-grain figure the evidence cannot support.,16
data_scientist,Data Scientist / Diagnostic Analyst,ai_agent_roles.md 1,ai_agent_roles.md 1 (spec-defined lens),Trend/anomaly/driver analysis across any domain.,Financial;Operations;Risk & Data Quality,anomaly;driver,trend_break;driver_analysis;relationship_analysis;pattern_discovery;statistical_summary;revenue_forecast;forecast_scenario;descriptive_analysis,"Apply a statistical method or threshold the specifications do not define. analytics_execution_spec.md 2.5 leaves the anomaly method open, so no anomaly threshold is invented here.",56
bi_analyst,BI Analyst,ai_agent_roles.md 1,ai_agent_roles.md 1 (spec-defined lens),"Cross-domain dashboards, KPI composition.",Financial;Operations;Risk & Data Quality,,kpi_card;trend_view;period_comparison_view;breakdown_view;filter;drilldown;dashboard_narrative;metric_definition_surface;data_quality_indicator,"Emit a KPI card without its trust level, conflicts, and DQ indicators.",56
management_reporting_analyst,Management Reporting Analyst,Phase 6 composition of business_insight_framework.md Part A + answer_contract.md,Phase 6 composition of existing machinery (no new domain knowledge),Executive summary assembly across every domain.,Financial;Operations;Risk & Data Quality,,executive_summary;management_briefing;what_changed,Collapse a SHOW_BOTH/BLOCK metric into a single headline KPI for brevity.,56
decision_support_analyst,Decision-Support Analyst,Phase 6 composition of business_reasoning_spec.md + decision_support.py,Phase 6 composition of existing machinery (no new domain knowledge),Recommendations and pending owner decisions.,Financial;Operations;Risk & Data Quality,recommendation,recommendation;attention_required;pending_decision;investigation_priority,Recommend an operational action on a BLOCK metric's disputed figure; the only recommendation available there is to resolve the conflict.,56
risk_dq_analyst,Risk / Data-Quality Analyst,Phase 6 composition of data_quality_report.md + insight_generation_spec.md,Phase 6 composition of existing machinery (no new domain knowledge),"The DQ register, conflicts, and trust posture.",Risk & Data Quality,risk_scan,dq_scan;conflict_surface;trust_advisory;risk_ranking,"Manufacture urgency for a LOW/INFORMATIONAL finding (ai_agent_roles.md 2, Insight Generator).",9
