dq_id,severity,business_area,issue,affected_rows,affected_amount,metrics_affected,evidence_files,root_cause,root_cause_confidence,status,offline_fix_possible,live_db_required,ai_handling
DQ.001,CRITICAL,Invoices / AR,Invoice amount_paid + balance != total_amount (internal invoice-record inconsistency),2227 of 5214 live invoices,not separately summed in H.043 (per-row drift only),"Invoice balance, AR aging, invoice settlement status, any 'amount due' figure sourced from invoices table directly",H.043 (v_diag_invoice_drift),"invoices.amount_paid/balance are application-maintained columns, not recalculated by any exported ledger trigger (trg_invoice_journal_post's repost condition excludes amount_paid/balance from its change-detection list). Likely drifts whenever a receipt/adjustment changes the amount_paid side without a corresponding invoice-row update.",SUSPECTED (mechanism plausible from trigger logic; not proven by tracing individual rows to their causing receipt/adjustment),MEASURED,PARTIAL,Y,BLOCK
DQ.002,CRITICAL,AR / tenant dues,Four competing tenant/allotment balance definitions disagree by up to ~120x,873 of 1213 allotments (app-stored vs tenant_transactions); 1213 of 1213 compared across all 4 defs,"App-stored balance_due sum ₹1,009,125.78; tenant_transactions sum ₹9,968,023.32; ledger (both conventions) sum ₹83,297.85","Tenant current dues, AR total, collections-risk ranking, 'which tenants owe money'","H.028, H.052, H.044, H.006","tenant_allotments.balance_due (app column), tenant_transactions (frozen legacy table), and the live ledger (journal_lines, two conventions that agree with each other) were never reconciled against one another; ledger pair is internally consistent (proven, 0 of 1213 allotments differ), the other two are not tied to any live posting trigger.",PROVEN (ledger-pair identity verified row-by-row); SUSPECTED for why app/legacy diverge from the ledger,MEASURED,N,Y,BLOCK
DQ.003,MEDIUM,Tenant lifecycle,Overlapping tenant_allotments on the same bed (concurrent occupancy conflicts),187 bed x allotment-pair rows,Not determinable from exported evidence,"Occupancy (all definitions that count allotments per bed), tenant lifecycle event timelines, revenue attribution by bed",H.056 (overlapping_allotments),"Two tenant_allotments rows for the same bed have overlapping date ranges (a1_in/a1_out vs a2_in/a2_out). No exported trigger prevents this at write time for tenant_allotments (unlike bed_status_history, which has validate_bed_status_no_overlap -- but that table is empty, 0 rows, so its constraint is not effectively enforced against tenant_allotments directly).",PROVEN (row-level overlap pairs directly enumerated in H.056),MEASURED,Y,N,DISCLOSE
DQ.004,HIGH,Occupancy,"Five structurally different, non-interchangeable occupancy definitions coexist","N/A (definitional, not row-level)",N/A,"Occupancy % (all forms), 'current occupancy' AI answers, occupancy trend charts","H.012a, H.012b, H.012c, H.012d, H.012e, H.008, H.013","v_occupancy, v_active_tenants, get_universal_metrics v1, get_universal_metrics v2, get_bed_occupancy_timeline, and get_occupancy_intelligence each independently define bed universe (Live-only vs all beds), On-Notice treatment (occupied or not), and time horizon (snapshot vs historical) differently.",PROVEN (all five function/view bodies read in full and compared directly),CONFLICTING DEFINITIONS EXIST,N/A,N,SHOW_BOTH
DQ.005,HIGH,Occupancy,v_occupancy SQL defect: 7 On-Notice-only beds fall into none of the view's 4 output buckets,7 beds (of 195 Live-in-Live-apartment beds),N/A,"v_occupancy.on_notice (structurally always 0), v_occupancy.vacant (undercounted by 7)","H.011, H.013, M.016 (v_occupancy definition)","v_occupancy's on_notice output column requires a bed to be simultaneously Staying (occupied=true) AND On-Notice (on_notice=true); H.013 proves 0 of 203 beds ever carry both statuses, so the column can never register a positive count and the 7 On-Notice-only beds fail every one of the view's 4 filters (occupied, on_notice, booked, vacant).",PROVEN (direct SQL analysis cross-checked against H.013's 0-overlap fact),MEASURED,Y,N,BLOCK
DQ.006,MEDIUM,Receipts / ledger,"Receipt source amount vs ledger amount: ₹16,282.45 residual across 4 receipts; the ₹5,340,795.62 in H.001 is a formula artifact of that view, not a residual",4 receipts carry the residual after reversal netting (of the 11 traced in H.048); 3 live receipts have no ledger posting at all (H.033),"₹16,282.45 residual (application-level ₹81,855,686.97 vs ledger-derived ₹81,839,404.52), made up of +₹16,627.45, -₹400.00, +₹53.00 and +₹2.00. The ₹5,340,795.62 reported by H.001 is not a residual: it is ₹5,357,078.07 of reversed forward postings that H.001's formula never subtracts, less the ₹16,282.45.",M.COL.003 against M.COL.001 reconciliation; individual-receipt ledger tracing; the H.001/H.048 diagnostic's own reliability,"H.001 (v_je_amount_reconciliation), H.048, H.033 (source_vs_ledger_diff_summary), T.journal_lines, T.coa_accounts, T.receipts","H.001's je_net_amount is SUM(CASE WHEN is_reversal_of IS NULL THEN debit ELSE -debit END). Reversal lines carry credit and not debit, so the -debit branch always evaluates to zero and no reversal is ever subtracted: 112 reversal credits totalling ₹5,357,078.07 exactly offset the 112 forward debits they reverse, and ₹5,357,078.07 less ₹16,282.45 gives ₹5,340,795.62 exactly. The remaining ₹16,282.45 is 4 receipts: one of ₹16,627.45 with zero journal entries, and three posted at a different amount than the receipt records (-₹400.00, +₹53.00, +₹2.00); the four receipt ids are named in C.014 and in the DQ.006 section of data_quality_report.md. Aggregate P&L/revenue views (v_pnl, v_revenue_by_period) are unaffected: they use the reversal-excluded v_account_balances convention, which nets forward and reversal pairs correctly.","PROVEN for the ₹5,340,795.62 artifact (H.001's formula recomputed directly from journal_lines; the decomposition is exact). NOT DETERMINABLE for why the 4 residual receipts differ: build_receipt_lines is not among the 28 exported function definitions and receipts carries no updated_at column, so a post-posting edit can be neither confirmed nor ruled out.",MEASURED,N,Y,DISCLOSE
DQ.007,MEDIUM,Invoices / ledger,"Invoice source amount vs ledger amount diagnostic diff, fully row-reconciled",120 invoices (H.049),"₹2,423,270.00 (H.001 aggregate = H.049 row-sum, exact match)",Individual-invoice ledger tracing,"H.001, H.049","Concentrated among recent (2026-05 to 2026-08), pending, repeatedly-edited invoices (entry_count up to 15). Consistent with trg_invoice_journal_post's reverse-and-repost cycle accumulating in a non-netted diagnostic query, same hypothesis as DQ.006.",SUSPECTED (H.049's generating SQL not exported),MEASURED,N,Y,DISCLOSE
DQ.008,HIGH,Deposits / ledger,"Deposit settlement source amount vs ledger amount, with a suspected systematic 2x double-count mechanism",43 settlements (H.050),"₹583,495.34 (H.001 aggregate = H.050 row-sum, exact match)","Individual-settlement ledger tracing, deposit-refund reconciliation","H.001, H.050","23 of 43 drifting rows show ledger_amount at EXACTLY 2.0000x source_amount, all with entry_count=3 (one edit-and-repost cycle: original + reversal + correction). Arithmetically consistent with the diagnostic's ledger_amount summing raw credit postings without a reversal-aware netting step (original_credit + corrected_credit = 2x, if the reversal posts as a debit rather than a negative credit on that leg).","SUSPECTED (strong arithmetic pattern, 23/43 rows exactly 2.0000x; not proven since H.050's SQL is not exported)",MEASURED,N,Y,DISCLOSE
DQ.009,INFORMATIONAL,Ledger / diagnostics,v_je_stub_pollution diagnostic re-run returns rows in different order (H.003 vs H.003b),"9 rows (same set, transposed order)",N/A,None -- row set is identical,"H.003, H.003b",The view has no deterministic ORDER BY; Postgres does not guarantee row order without one.,PROVEN,MEASURED,Y,N,SAFE
DQ.010,MEDIUM,Ledger integrity,200 journal entries reference a currently soft-deleted receipt,200 of 6085 receipt-sourced journal entries,Not determinable from exported evidence,Receipt-sourced ledger completeness checks,"H.051, T.receipts_dedup_audit (cross-checked and ruled out as the cause)","Consistent with the documented soft-delete design (trg_receipt_journal_post reverses rather than deletes on soft-delete, leaving the original forward entry in place alongside a new reversal). The specific hypothesis that receipts_dedup_audit's 9 detected duplicate groups explain this was tested directly in this pass and DISPROVEN: of 23 flagged receipt ids, only 11 remain in the export (12 hard-deleted) and none of the 11 are soft-deleted.",SUSPECTED for the general mechanism (design-consistent); the specific trigger event for each of the 200 is not determinable from exported evidence,MEASURED,N,Y,SAFE
DQ.011,HIGH,Deposits,Deposit-phantom exposure: deposit held with no live tenant relationship and no settlement,32 allotments,"₹722,700.00 (sum of deposit_paid over the 32 flagged allotments, computed directly from tenant_allotments; v_diag_deposit_phantom itself exports no summed amount)","Deposit-held total, refund liability estimation",H.045 (v_diag_deposit_phantom),"tenant_allotments rows with deposit_paid > 0, staying_status IN ('Exited','Cancelled'), and NO deposit_settlements row at all -- the allotment has ended and no settlement was recorded against it. This does NOT mean the deposit was never processed for every row: deposits transfer between a tenant's allotments through manual journal entries, and at least 13 of the 32 flagged amounts are still represented in the ledger through another allotment of the same tenant (DQ.035). 15 have no 2100 balance for the tenant at all and 4 are partly represented. What happened to each is Not determinable from exported evidence.","PROVEN (direct query result, unambiguous filter conditions)",MEASURED,Y,N,DISCLOSE
DQ.012,MEDIUM,Deposits,"Deposit settlement anomalies: premature settlements, duplicate open settlements, transfer double-counts",22 rows across 3 anomaly types,Not determinable from exported evidence (aggregate not summed in H.046),"Deposit settlement validity, deposit-held balance by tenant","H.046 (v_deposit_ledger_anomalies), FN.validate_deposit_settlement","validate_deposit_settlement is a write-time (BEFORE INSERT/UPDATE) constraint that blocks deductions on a non-exited allotment at the moment of writing, but does not re-validate existing rows if the allotment's status later changes -- consistent with, but not proven to be, the cause of the 'premature_settlement' anomaly subtype.",SUSPECTED,MEASURED,Y,N,DISCLOSE
DQ.013,HIGH,Invoices / data quality,Duplicate invoices: same allotment + billing_month + invoice_type appearing more than once,"322 duplicate groups, 356 excess rows beyond one-per-group (of 5214 live invoices)","₹4,040,627.00 combined value across all rows in the 322 groups (H.055 'total' column, summed); exact overcounted/excess amount is NOT separately computable from the exported diagnostic without knowing which row per group is canonical","Total invoiced revenue, invoice-count-based metrics, AR if duplicates remain unpaid",H.055 (duplicate_invoices),"No invoice-side deduplication mechanism exists (no invoices_dedup_audit table, no trigger performs invoice duplicate detection) -- contrast with receipts, which have a maintained (if unenforced) dedup-detection table (DQ.014). 319 of 322 groups are invoice_type='regular'.","PROVEN (row-level groups directly enumerated); cause of WHY duplicates were created (double-billing run, import artifact, etc.) is not determinable from exported evidence",MEASURED,Y,N,DISCLOSE
DQ.014,MEDIUM,Receipts / data quality,Duplicate receipts detected but not remediated; some duplicates hard-deleted outside the soft-delete convention,"9 detection groups, 23 receipt ids named; only 11 of 23 ids still exist in the export (12 hard-deleted)","Sum of duplicate_count=2 groups' amount_paid values, e.g. Rs.1,000-20,000 per group (individual values in T.receipts_dedup_audit); aggregate not computed here",Total collections if duplicates remain live and unremediated,"T.receipts_dedup_audit, T.receipts (cross-checked in this pass)","receipts_dedup_audit is a one-time detection pass (single detected_at timestamp, 2026-04-22) with no automated remediation trigger. Manual/other process subsequently hard-deleted 12 of the 23 flagged receipts (bypassing the system's otherwise-consistent soft-delete convention); the remaining 11 are still live, undeduplicated duplicates.","PROVEN (directly cross-checked: 11 of 23 ids remain, 0 of those 11 are soft-deleted)",MEASURED,Y,N,DISCLOSE
DQ.015,HIGH,Expenses / P&L,P&L named category buckets exclude account 5150 (Electricity Payments) entirely; ~5% of total expenses invisible to category breakdown,57 of 57 months affected (100% of P&L history),"₹1,030,618.00 (57-month total, proven equal to 'unbucketed' exactly in every month)","v_pnl_by_category's 9 named category columns, any expense-by-category chart built from them","H.017, H.054 (byte-identical), M.016 (v_pnl_by_category SQL), H.016 (coa_accounts)","Account 5150's code prefix ('515') matches none of the 9 hand-written LIKE patterns (owner_rent '510%', maintenance '52%', ..., other_expenses '59%'); the view computes a separate, 10th 'electricity' column ('515%' pattern) that is not included in what H.017 measures as sum_of_buckets.","PROVEN (arithmetic identity: unbucketed == electricity_column exactly, all 57 months, re-verified from raw CSV)",MEASURED,Y,N,DISCLOSE
DQ.016,CRITICAL,"Profit / P&L, owner payments","get_universal_metrics (v1) totalProfit omits owner rent entirely, overstating reported profit",46 months of owner_payments activity (v_diag_owner_rent_missing_from_profit); 54 months in H.030's comparison,"₹19,019,250.00 total owner rent omitted; profit-if-excluded (₹70,940,012) exceeds ledger-inclusive profit (₹51,920,762) by exactly this amount",get_universal_metrics.totalProfit (v1) specifically; any dashboard or AI answer sourced from it,"M.016 (v_diag_owner_rent_missing_from_profit, self-documenting note column), FN.get_universal_metrics, FN.get_universal_metrics_v2 (proven fix), H.001, H.030","get_universal_metrics v1's totalProfit formula is SUM(invoices.total_amount) - SUM(expenses.amount), with no owner_payments term anywhere in the expression -- confirmed by reading the full function body. get_universal_metrics_v2 explicitly corrects this by substituting SUM(owner_payments.escalated_amount) for the period into its expense total.",PROVEN (both function bodies fully exported and compared; the omitted view's own note column states this in plain text),MEASURED,Y,N,BLOCK
DQ.017,MEDIUM,"Owner payments, P&L",Owner-rent date-basis mismatch causes 7 of 54 months to show a nonzero ledger-vs-payments-schedule difference despite the totals matching exactly,7 of 54 months,Net ₹0.00 across all 54 months (differences cancel); individual month diffs not separately summed here,"Month-by-month owner-rent P&L trend (not the annual/lifetime total, which is proven exact)",H.030 (pnl_owner_rent_vs_payments),"Three different date bases compete for 'which month' an owner payment belongs to: the ledger-posting trigger (normalize_owner_payment_journal_dates) uses bill_date; get_universal_metrics_v2's substitution also uses bill_date; but v_diag_owner_rent_missing_from_profit groups by COALESCE(paid_date, due_date) instead -- a third, different basis. H.030 appears to compare the ledger's bill_date-based monthly figure against a payments-schedule figure using a different date column, producing month-level shifts that net to zero overall.",SUSPECTED (the date-basis mismatch is proven to exist among the three functions; H.030's own exact grouping column is not confirmed since its SQL is not among the 54 exported views),MEASURED,N,Y,DISCLOSE
DQ.018,MEDIUM,AR aging,v_tenant_aging buckets are CURRENT_DATE-dependent and not reproducible from a frozen export without fixing an as-of date,"644 rows (F.008, all rows affected structurally)","₹4,968.00 -- F.008's bucket totals are SHORT of F.008's own total column (₹78,329.85 against ₹83,297.85), because three future-dated invoice lines are counted in total but excluded from every age bucket by the CURRENT_DATE - charge_date >= 0 condition (DQ.036). The day-bucket assignment also shifts with the query date.",AR aging bucket distribution (0-30/31-60/61-90/90+),"M.016 (v_tenant_aging SQL), M.002/M.099 (snapshot timestamps)","v_tenant_aging's bucket filters use CURRENT_DATE - charge_date, evaluated at query time. The exported CSV (F.008) reflects buckets computed at whatever moment inside the 09:02-11:18 export window the query ran, not a fixed historical fact.",PROVEN (direct SQL reading). The CURRENT_DATE dependence is expected application behaviour; the bucket incompleteness recorded above is a defect -- the four buckets are not exhaustive of the view's own total (DQ.036).,MEASURED,Y,N,DISCLOSE
DQ.019,CRITICAL,"AR / tenant dues, collections","tenant_transactions is a frozen, unwired legacy ledger with a balance total ~120x the live ledger","16,451 rows total; 699 of 1213 allotments show tenant_transactions balance > 0","Sum ₹9,968,023.32 vs live ledger ₹83,297.85 -- gap ₹9,884,725.47",Any metric that might mistakenly source 'tenant balance' or 'collections history' from tenant_transactions,"H.026, H.044, H.052, M.025, FN.TRG (absence of any wiring to this table)","tenant_transactions was bulk-loaded once (all 16,451 rows created_at between 2026-04-17 and 2026-04-28, an 11-day migration/backfill window) and is not referenced by any of the 55 wired triggers or 25 exported posting functions -- it has never participated in live posting since its load.","PROVEN (structural facts: frozen creation window, absent from trigger wiring); SUSPECTED for why its balance total is so much larger (not traced row-by-row)",MEASURED,N,N (the structural facts are fully proven offline; understanding why the balance differs would need live investigation),BLOCK
DQ.020,MEDIUM,Owner payments,"All 345 owner_payments ledger postings occurred in a single ~82-minute batch, not incrementally",345 of 345 owner_payments rows; 410 forward journal entries,"₹19,019,250.00 (full owner-rent ledger total, all posted in one batch)",Any owner-payment posting-time or cash-flow-timing analysis; interacts with DQ.017's date-basis issue,"M.025 (owner_payments.created_at, 1 distinct month), H.004 (je_by_source_dates, posted_at range 2026-08-13 09:14:24 to 10:36:58)","A migration/backfill event on 2026-08-13 posted all historical owner-payment ledger entries at once, rather than owner payments being posted incrementally as they occurred over 2022-2026.",PROVEN (created_at and posted_at ranges directly measured),MEASURED,N/A,N,DISCLOSE
DQ.021,LOW,EB / electricity,"eb_monitoring_readings is a single-day snapshot, not a time series",35 of 35 rows (100%),N/A,Any EB danger-monitoring trend or historical alert metric,"M.025 (eb_monitoring_readings date range = 1 day, 2026-08-18)","All 35 rows share reading_date=2026-08-18 exactly; this table appears to capture one monitoring run, not an ongoing feed.",PROVEN (direct date-range measurement),MEASURED,N/A,N,DISCLOSE
DQ.022,LOW,Data quality / apartments,Placeholder/epoch date in apartments.start_date,2 of 43 apartments,N/A,"Apartment availability-window calculations (get_occupancy_intelligence's GREATEST(start_date, p_from) clamp)","M.025 (rows_before_2019=2, min=1899-12-30), direct row lookup in this pass (apartment codes D13A, D23B, both status=Not-Active)","1899-12-30 is the classic spreadsheet/Excel 'day zero' epoch date, strongly indicating a null or blank numeric value was misinterpreted as a date during an import (both rows share the identical created_at timestamp 2026-03-16 17:47:27, consistent with a single bulk-import batch).",SUSPECTED (epoch-date pattern is a well-known import artifact signature; not proven by tracing the specific import job),MEASURED,Y,N,SAFE
DQ.023,LOW,Data quality / tenant_transactions,Corrupt year in tenant_transactions.date (0206-03-27 instead of a plausible 2026 date),"1 of 16,451 rows",Not determinable from exported evidence (amount field for this specific row not isolated in this pass),Any MIN(date) or unbounded date-range calculation over tenant_transactions,"M.025 (tenant_transactions.date, rows_before_2019=1, min=0206-03-27)","A 4-digit year transposition (0206 for what is almost certainly 2026), consistent with a data-entry or import parsing error.","SUSPECTED (transposition pattern is a reasonable inference, not confirmed against a source record)",MEASURED,Y,N,SAFE
DQ.024,LOW,Data quality / cross-cutting,Post-snapshot-dated (future) rows in financial/tenancy tables,"Small counts per column (2-11 rows each) across invoices.invoice_date/due_date, journal_entries.entry_date, deposit_settlements.settlement_date, tenant_allotments.actual_exit_date/estimated_exit_date, tenant_notices.exit_date, maintenance_tickets.sla_deadline, organization_subscriptions.current_period_end, and others (39 columns total show after_today > 0 per M.025)",Not determinable from exported evidence,Any time-series metric with an implicit 'up to today' assumption; period-bucket reports for the current/future period,"M.025 (temporal_profile, rows_after_today column, full list in evidence_integrity_report.md section 9.1c)","Some are legitimate forward-dated business records (e.g. a lease renewal_date or subscription current_period_end in the future is expected). Others (e.g. journal_entries.entry_date up to 2026-09-20, 3 weeks past the 2026-08-29 snapshot) are less obviously legitimate and not individually traced to a cause.",SUSPECTED for which rows are legitimate vs anomalous (not individually adjudicated),MEASURED,Y,N,DISCLOSE
DQ.025,MEDIUM,Data quality / organization grain,NULL organization_id rows in 4 tables,whatsapp_events 600/1943; ticket_logs 65/8239; payroll_sync 6/18; email_templates 3/4,"N/A (operational tables, not financial)","Any org-scoped rollup of ticket_logs (maintenance activity counts) or whatsapp_events; email_templates/payroll_sync are configuration-scale tables, low metric impact",M.007 (organization_grain),Not determinable from exported evidence -- no trigger or default-value mechanism for organization_id backfill was found among the 25 exported function bodies for these specific tables.,UNVERIFIED,MEASURED,N,Y,DISCLOSE
DQ.026,MEDIUM,Ledger integrity / referential completeness,4 of 5 declared polymorphic relationships have no exported orphan-check diagnostic,"N/A (verification coverage gap, not a measured row count)",N/A,"Confidence in referential integrity for owner_payments/tenant_adjustments/assets/asset_payments/eb_payments-sourced journal entries, invoices.reference_id, tenant_adjustments.reference_id, tenant_transactions.reference_id, financial_audit_log.source_id","M.011 (polymorphic_refs, 5 relationships declared), H.025 (orphan check exists for journal_entries.source_id against invoices/receipts/expenses only, 0 orphans), H.051 (covers deposit_settlements/invoices/receipts missing_source, all 0), M.009 (confirms no FK is declared for any of the 5 polymorphic columns, by design)","Polymorphic references cannot carry a single-table FK, so referential integrity for these columns can only be checked by an explicit, purpose-built query -- and only journal_entries.source_id against 4 of its ~9 possible source_table values (invoices, receipts, expenses, deposit_settlements) was exported. owner_payments, tenant_adjustments, assets, asset_payments, and eb_payments as journal_entries.source_id targets, plus invoices.reference_id, tenant_adjustments.reference_id, tenant_transactions.reference_id, and financial_audit_log.source_id, have no exported orphan check at all.",PROVEN (coverage gap itself is directly enumerable from the manifest),UNVERIFIED,N,Y,UNVERIFIED
DQ.027,MEDIUM,Maintenance,"Maintenance ticket view/actual count mismatch, and two independent cost-linkage paths that can disagree","2-ticket gap (1613 view vs 1611 actual, H.019); linkage-path disagreement scope not separately quantified",Not determinable from exported evidence,v_maintenance_metrics vs v_maintenance_by_issue_type cost totals; ticket counts,"H.018, H.019, H.058, M.016 (both view definitions)","H.019's 1613-vs-1611 gap is not traced to a specific view or cause in the exported diagnostics. Separately, v_maintenance_metrics links cost via ticket_resolutions -> expenses.ticket_resolution_id and dates by ticket creation month, while v_maintenance_by_issue_type links via expenses.issue_type_id directly (a separate FK from the ticket's own issue type) and dates by expense_date -- these can disagree whenever an expense's issue_type_id differs from its resolution's ticket's issue type, or when creation and expense months differ.",SUSPECTED (linkage-path divergence is proven structurally from SQL; the 1613-vs-1611 count gap's specific cause is not determinable from exported evidence),MEASURED,N,Y,SHOW_BOTH
DQ.028,HIGH,EB / electricity,EB billing_month text format ('Mon-YY') is incompatible with every other billing_month/period column in the schema ('YYYY-MM'),1411 of 1411 electricity_readings rows; 801 of 801 eb_tenant_shares rows (2212 rows total),"N/A (formatting defect, not an amount discrepancy)","Any join or comparison between EB billing_month and invoices.billing_month/expenses.billing_month/owner_payments.payment_month; any code pattern using (billing_month || '-01')::date, which works for 'YYYY-MM' but would fail or misparse for 'Apr-25'","M.004 (column data types, all billing_month/payment_month columns are text), direct full-column format verification in this pass: electricity_readings and eb_tenant_shares 100% 'Mon-YY' format (e.g. 'Apr-25', 'Mar-26'); invoices, expenses, owner_payments 100% 'YYYY-MM' format, 0 exceptions in either group",electricity_readings and eb_tenant_shares were built or imported using a different billing_month text convention than the rest of the schema. No exported function or trigger normalizes between the two formats.,"PROVEN (100% format verification across both full table populations, cross-checked against 3 other tables' 100% conformance to the other format)",MEASURED,Y,N,BLOCK
DQ.029,INFORMATIONAL,Data quality / schema,"30 declared public tables are empty (0 rows), including two structurally significant ones (ledger_entries, receipt_allocations)","30 tables, 0 rows each",N/A,"ledger_entries (superseded by journal_entries/journal_lines); receipt_allocations (see conflicts.md C.024, receipt-to-invoice settlement is NOT allocation-based); bed_status_history (no bed-status audit trail exists, historical occupancy must come from tenant_allotments dates)","M.006 (row_counts_exact), evidence_integrity_report.md section 5","Superseded features (ledger_entries appears to be an earlier ledger implementation replaced by journal_entries/journal_lines) or features whose intended write path was never activated in the exported function set (receipt_allocations, bed_status_history).",SUSPECTED for ledger_entries/receipt_allocations being genuinely superseded vs merely unused; PROVEN that all 30 are empty (exact COUNT(*) from M.006),MEASURED EMPTY,N/A,N,SAFE
DQ.030,HIGH,Ledger function correctness,get_universal_metrics_series.collections filters on the wrong account code (a non-leaf header account),"N/A (code-level defect, not a row-level issue)",N/A,get_universal_metrics_series.collections (a monthly collections trend series),"FN.get_universal_metrics_series, H.016/M.004 (coa_accounts, proving account 1000 is the 'Assets' header/rollup account, not a leaf posting account), FN.get_universal_metrics_v2 and H.001 (both correctly use 1110/1120 or LIKE '11%' for the same concept)","The function filters account_code = '1000' AND source_table = 'receipts', but journal_lines are posted against leaf accounts (1110 'Cash on Hand', 1120 'Bank - Operating Account'), never against the header account 1000 directly -- confirmed by two other, correctly-coded functions in the same package using the leaf accounts for the identical concept.","PROVEN at the code level (account role confirmed from coa_accounts, cross-referenced against 2 other correct implementations); runtime output (whether it truly returns zero) not confirmed since no live database is available to execute it",MEASURED,Y,N (the fix is a one-line code change; confirming the runtime symptom would need live execution),BLOCK
DQ.031,LOW,Package integrity / export process,Non-atomic export: 5 tables show +1 row vs the row-count snapshot due to live writes during the 2h16m export window,"5 tables, 1 row each (profiles, user_roles, maintenance_tickets, ticket_logs, ai_logs); bot_conversations shows -8 for an unrelated PII-export reason",N/A,None in financial/ledger/occupancy/tenancy scope,"M.002, M.006, M.099 (snapshot timestamps), evidence_integrity_report.md section 3 (full trace)","Three real user events occurred during the export window (2026-08-29 09:02-11:18): one user signup, one maintenance ticket raised, one AI diagnosis call -- all confirmed by timestamp to be after the row-count snapshot was taken.",PROVEN (each extra row individually located and timestamped),MEASURED,N/A,N,SAFE
DQ.032,LOW,Package integrity / scope,market schema declared IN_SCOPE but 0 of 17 tables were exported,421 rows across 7 non-empty market tables (of 17 total) never exported; the other 10 market tables are empty,"N/A (competitive-pricing data, not financial)",None of the 13 required metric areas depend on the market schema,"M.000 (schema_scope, market marked IN_SCOPE), H.037 (market_schema_rowcounts, 7 of 17 tables with row counts)",Not determinable from exported evidence -- no market-schema CSV was exported despite the schema being marked in-scope in the schema inventory.,UNVERIFIED,UNVERIFIED,N,Y,UNVERIFIED
DQ.033,HIGH,Payroll / ledger completeness,"Payroll is materially absent from the ledger: 2 of 3 team payments (₹45,420.00) have no expenses row and no journal entry; the 1 payment that is posted (₹2,420.00) posted to 5900 Other Expenses, so the salaries bucket reports ₹0.00","2 of 3 team_payments rows unposted (1 posted); 71 team_salary_bills rows, 0 posted; 18 payroll_sync rows, 0 posted; 0 journal lines on account 5700 Salaries & Benefits and 0 on 5310 Housekeeping - Salaries","₹45,420.00 proven absent from the ledger: a ₹18,000.00 team payment and a ₹27,420.00 team payment, both payment_date 2026-04-27, both payment_month 2026-03. A further ₹2,420.00 is in the ledger but on 5900 Other Expenses rather than the salaries bucket. Three unresolved basis totals, which must NOT be added together: cash paid ₹47,840.00 (team_payments); earned or accrued ₹1,063,458.44 (team_salary_bills net_payable, of which ₹961,288.47 is draft); computed payroll ₹220,451.61 (payroll_sync payable, one period 2026-05-29 to 2026-06-28).","M.EXP.001 (total understated by the proven ₹45,420.00); M.EXP.002 (salaries bucket reports ₹0.00 while ₹2,420.00 of salary sits in other_expenses); M.PNL.001 (same ledger, same omission). M.PROFIT.001 is already BLOCK and is not changed by this finding.","T.team_payments, T.team_salary_bills, T.payroll_sync, T.expenses, T.expense_categories, T.journal_lines, T.journal_entries, T.coa_accounts, FN.TRG (55 triggers, none on the three payroll tables), FN.trg_expense_journal_post, M.009 (declared FK expenses_team_payment_id_fkey), M.006","Proven from exported evidence. The two unposted payments have no row in expenses referencing them, no journal_entries row, and no journal_lines row mentioning their ids. FN.TRG lists 55 triggers and none is on team_payments, team_salary_bills or payroll_sync, so no automatic posting path exists for payroll; the only path into Expenses is the declared foreign key from expenses to team_payments, and 1 of the 3 payments took it. That one payment (₹2,420.00) is linked by that declared relationship and by a matching journal source, not by an amount or date resemblance, and it posted to 5900 Other Expenses, which is why the salaries bucket excludes it. The active Salaries expense category carries a NULL gl_account_id while a separate Staff Salaries category maps to 5700 Salaries & Benefits and has zero expense rows; this is recorded as an observation and is NOT claimed to have caused the classification. Why the two payments were never entered as expenses, and why the posted one went to 5900: Not determinable from exported evidence (build_expense_lines is not among the 28 exported function definitions). M.EXP.001 and M.PNL.001 remain SAFE with a MATCH validation label: that label means each metric accurately represents what the ledger holds, and it is not evidence that payroll is complete. The two unposted payments are records requiring operational reconciliation. Which payroll basis belongs in Expenses is unsettled: Conflicting definitions exist. Business decision required.","PROVEN for the ₹45,420.00 absence, for the ₹2,420.00 posting to 5900, for the zero balances on 5700 and 5310, and for the absence of any payroll posting trigger - each re-derived directly from the exported CSVs. Not determinable from exported evidence for why the payments were never entered and why the posted one was classified to 5900.",MEASURED,N,Y,DISCLOSE
DQ.034,HIGH,Maintenance,"Two maintenance-cost definitions disagree by 23.51x: ticket-linked maintenance is ₹28,796.00 while maintenance-category ledger spend is ₹677,036.00, and the ticket-linked subset is presented as 100% of maintenance",450 of 465 maintenance-category expenses have no ticket link (15 are linked); 451 of 466 ticket_resolutions have no expense row; 689 ledger lines across 6 maintenance accounts,"₹648,240.00 difference between the two definitions (₹677,036.00 ledger/category less ₹28,796.00 ticket-linked). Of that difference: ₹203,440.00 (130 expenses) predates the first maintenance ticket, and ₹444,800.00 (320 expenses) occurs after tickets existed but still has no ticket link. A third basis exists: resolution-declared cost ₹31,596.00, of which ₹2,800.00 has no corresponding expense or ledger posting.","M.MAINT.002 (reports ₹28,796.00 as Maintenance cost); M.EXP.002 (maintenance bucket reports ₹677,036.00). M.MAINT.001, M.EXP.001 and M.PNL.001 are NOT affected: no calculation omission was found in them, and the full ₹677,036.00 is already inside the expense and P&L totals.","T.expenses, T.expense_categories, T.maintenance_tickets, T.ticket_resolutions, T.issue_types, T.journal_lines, T.journal_entries, T.coa_accounts, F.015 (v_maintenance_metrics), F.016 (v_maintenance_by_issue_type), M.016 (both view definitions), H.058 (maintenance_cost_linkage), H.018, H.019","Proven from exported evidence. Ticket-linked maintenance is ₹28,796.00 over 15 expense rows carrying ticket_resolution_id IS NOT NULL. Maintenance-category ledger spend is ₹677,036.00 over 465 expenses, posted across accounts 5210 Plumbing, 5220 Electrical, 5230 Carpentry, 5240 Appliances, 5260 HVAC and 5290 Other. The 15 ticket-linked rows are a subset of the 465 by id-set membership, so the exact difference is ₹648,240.00 across 450 unlinked expenses. v_maintenance_by_issue_type filters on ticket_resolution_id IS NOT NULL and then computes pct_of_maintenance as a window over that already-filtered set, so the exported view reports the ticket-linked subset as 100% of maintenance per month; all 465 maintenance expenses carry an issue_type_id, so that single predicate produces the whole gap. M.MAINT.002 remains SAFE with a MATCH validation label: that label means the metric reproduces its exported view (F.015/F.016) correctly, and it does NOT establish that ₹28,796.00 is the complete maintenance spend. Not determinable from exported evidence: why 450 expenses have no ticket link; whether the view predicate was intentional; whether the 451 unexpensed resolutions correspond to the unlinked expenses; whether the 76 repeated maintenance expense rows (56 groups sharing amount, expense_date and description) are duplicates; and why account 5260 HVAC holds ₹579,741.00, 85.6% of maintenance, across 596 lines. Three competing bases exist and they must NOT be added together, because they overlap - the ticket-linked rows are contained in the ledger/category set and the resolution-declared figure covers the same 15 rows: ticket-linked resolved work ₹28,796.00; all maintenance-category ledger spend ₹677,036.00; resolution-declared cost ₹31,596.00. Conflicting definitions exist. Business decision required.","PROVEN for every figure recorded here - ₹28,796.00, ₹677,036.00, the ₹648,240.00 difference, its ₹203,440.00 and ₹444,800.00 components, the 466/15 resolution counts, ₹31,596.00 declared and ₹2,800.00 unexpensed, and the account-level composition - each re-derived directly from the exported CSVs, and the view behaviour read from its own SQL in M.016. Not determinable from exported evidence for the five open questions named in the root cause.",CONFLICTING DEFINITIONS EXIST,N,"N (the open question is a business definition, not a data repair)",SHOW_BOTH
DQ.035,HIGH,Deposits / tenant exits,"Five different populations and bases each answer 'deposit exposure', and two of them overlap: ₹386,500.00 of M.RISK.004's ₹722,700.00 is also inside M.DEP.001's ₹4,221,150.00, because deposits were transferred between allotments of the same tenant","32 flagged allotments (29 with an exit record, 3 Cancelled without); 25 distinct tenants; 26 exit records with refund_status 'none'; 200 live settlements with no live exit row; 36 live exits with no settlement row","M.RISK.004 ₹722,700.00, of which ₹386,500.00 is also represented in M.DEP.001 for the same tenant and ₹336,200.00 has no corresponding 2100 ledger balance at all. Competing bases, which must NOT be added together: application ended-allotment exposure ₹722,700.00 (32 allotments); ledger liability on those same allotments ₹6,000.00; ledger liability for the same 25 tenants across all their allotments ₹396,250.00; exit-register refund obligation ₹1,527,276.59 including the soft-deleted exit, of which ₹1,465,724.59 is live completed refunds and ₹61,552.00 is pending live exit refunds; settlement workflow 307 live settlements with ₹5,023,390.33 completed refunds and ₹62,569.00 pending across 5 settlements.","M.RISK.004 (the ₹722,700.00 figure itself); M.RISK.003 (carries M.RISK.004 as a component); M.DEP.001 (its ₹4,221,150.00 overlaps M.RISK.004 by ₹386,500.00). No other metric is affected.","T.tenant_allotments, T.tenant_exits, T.deposit_settlements, T.receipts, T.tenant_transactions, T.journal_lines, T.journal_entries, T.coa_accounts, F.010 (v_advance_balances), H.045 (v_diag_deposit_phantom), H.046 (v_deposit_ledger_anomalies), FN.validate_deposit_settlement","Proven from exported evidence. M.RISK.004 is defined on tenant_allotments WHERE deposit_paid > 0 AND staying_status IN ('Exited','Cancelled') AND no live deposit_settlements row exists for the allotment; it returns 32 allotments and ₹722,700.00, and it is mathematically correct under that definition - the row set matches H.045 exactly. tenant_exits does NOT feed M.RISK.004: the calculator reads tenant_allotments and deposit_settlements only, and no deposit metric reads the exit register at all. The gap against the ledger is an attribution difference, not an error: every journal line on account 2100 carries an allotment_id, so matching the 32 flagged allotment_ids returns ₹6,000.00 while matching the same 25 tenants across all their allotments returns ₹396,250.00. Deposits move between a tenant's allotments through manual journal entries whose memos read 'Deposit transfer out' and 'Deposit transfer in', paired with 'Security Deposit Received', and tenant_transactions records the same concept independently as DEPOSIT_TRANSFER rows. Because of those transfers, at least 13 of the 32 flagged amounts are still represented in the ledger through another allotment of the same tenant, 4 are partly represented, and 15 have no ledger balance for the tenant at all. M.RISK.004 and M.DEP.001 must therefore NOT be treated as additive: ₹386,500.00 is common to both. M.DEP.001 keeps SAFE and its MATCH label, and both remain correct - it reproduces F.010 exactly under its own ledger definition; the issue is that its figure overlaps M.RISK.004 and could be misread as a separate amount. Register inconsistencies, also proven: 29 of the 32 have an exit record and 3 are Cancelled with none; those 3 carry ₹65,250.00 of deposit_paid but only a ₹1,000.00 booking receipt each and zero lines on account 2100, so whether those deposits were actually received is Not determinable from exported evidence; 26 exit records carry refund_status 'none' with ₹595,350.00 of advance_held and ₹0.00 refund_due; 200 live settlements have no live exit row; 36 live exits have no settlement row. The cause of these register differences is Not determinable from exported evidence. Which population and basis should define 'deposit exposure at risk' is not established anywhere in the export. Conflicting definitions exist. Business decision required.","PROVEN for every figure and relationship recorded here - the 32-row population and ₹722,700.00, the ₹6,000.00 and ₹396,250.00 ledger attributions, the ₹386,500.00 overlap and ₹336,200.00 residual, the 13/4/15 split, the transfer mechanism read from the journal memos and corroborated by tenant_transactions, and the exit and settlement counts - each re-derived directly from the exported CSVs. Not determinable from exported evidence for why 26 exits carry no refund amount, whether the 3 Cancelled deposits were received, why 200 settlements have no exit row and 36 exits have no settlement, and which basis the business intends.",CONFLICTING DEFINITIONS EXIST,N,"Y for the record-level questions (the 3 Cancelled deposits, the 26 zero-refund exits); the definition question is a business decision, not a data repair",SHOW_BOTH
DQ.036,HIGH,AR aging,"v_tenant_aging is net ledger movement grouped by posting age, not conventional overdue/open-invoice aging; its buckets also lose ₹4,968.00 that the view's own total includes","644 rows (F.008, every row structurally); 3 future-dated invoice lines excluded from all buckets; 0 rows in receipt_allocations against 5,758 live receipts","Exported buckets: 0-30 -₹57,463.94; 31-60 ₹4,488,604.27; 61-90 -₹154,043.45; 90+ -₹4,198,767.03. Bucket sum ₹78,329.85 against F.008 total ₹83,297.85, a proven gap of ₹4,968.00 from three future-dated invoice lines: ₹468.00 dated 2026-08-31, ₹2,250.00 dated 2026-09-06 and ₹2,250.00 dated 2026-09-20.",M.RISK.002 (tenant aging). No tenant-dues metric is affected: M.AR.001A through M.AR.001D read account 1200 directly and do not consume F.008.,"F.008 (v_tenant_aging), M.016 (v_tenant_aging SQL), H.020 (receipt_allocations_empty), T.journal_lines, T.journal_entries, T.coa_accounts, T.receipts","Proven from exported evidence. v_tenant_aging's CTE is named ar_charges but carries no debit > 0 filter: it selects debit - credit over every account 1200 line with party_kind 'tenant', so payments, credit notes, reversals and deposit-settlement lines are all included as AR movement rather than only unpaid invoice charges. Each line is bucketed by its own journal_entries.entry_date, never by the settlement date of the invoice it relates to, so a payment ages from its own posting date. That is why buckets go negative: 0-30 is -₹57,463.94, 61-90 is -₹154,043.45 and 90+ is -₹4,198,767.03, while 31-60 is ₹4,488,604.27 against a portfolio net of ₹83,297.85 - these are gross movements, not outstanding balances. All four exported buckets were reproduced to ₹0.00 absolute error at CURRENT_DATE = 2026-08-29. Separately, every bucket requires CURRENT_DATE - charge_date >= 0, so lines dated after the query date fall into no bucket while still counting in the view's total column: exactly three invoice-sourced debits qualify - ₹468.00 on 2026-08-31, ₹2,250.00 on 2026-09-06 and ₹2,250.00 on 2026-09-20 - and ₹78,329.85 + ₹4,968.00 = ₹83,297.85 exactly. Conventional overdue or open-invoice aging cannot be derived from this package at all: receipt_allocations holds 0 rows against 5,758 live receipts (H.020), so no payment can be tied to the invoice it settles, and exact receipt-to-invoice settlement aging is Not determinable from exported evidence. Which of the two meanings the business intends by 'aging' is not established anywhere in the export. Conflicting definitions exist. Business decision required.","PROVEN for the semantics and for every figure - the view's SQL read in full from M.016, all four buckets reproduced to ₹0.00 error from journal_lines at CURRENT_DATE = 2026-08-29, the ₹4,968.00 gap traced to three named lines, and the empty receipt_allocations table confirmed in H.020. Not determinable from exported evidence for conventional overdue aging, and for which meaning the business intends.",CONFLICTING DEFINITIONS EXIST,N,"N for the exported-evidence conclusion; a live database would be needed only to build overdue aging, which the export cannot support",SHOW_BOTH
DQ.037,HIGH,AR / tenant dues,"All four tenant-dues definitions mix current and ended tenancies, and the sign of the answer depends on which population is meant: the ledger headline is ₹83,297.85 overall but current tenants are net ₹26,494.15 in CREDIT","626 allotments carry ledger AR activity, of which 92 have a nonzero balance: 47 ended (27 debtors, 20 in credit) and 45 current (23 debtors, 22 in credit). Def C covers all 1,213 allotments; Def D covers 1,047.","Ledger (Def A and Def B, identical): overall ₹83,297.85 = current -₹26,494.15 plus ended +₹109,792.00. Current splits into ₹96,460.00 owed against -₹122,954.15 in credit; ended into ₹211,263.00 owed against -₹101,471.00 in credit. Def C (tenant_allotments.balance_due): overall ₹1,009,125.78 = current ₹202,383.06 plus ended ₹806,742.72. Def D (tenant_transactions): overall ₹9,968,023.32 = current -₹18,479.46 plus ended ₹9,986,502.78.","M.AR.001A, M.AR.001B, M.AR.001C, M.AR.001D - every tenant-dues definition mixes the two populations. Transitively M.AR.002, M.AR.003 and M.RISK.001, which present the four-way view.","T.tenant_allotments, T.tenant_transactions, T.journal_lines, T.journal_entries, T.coa_accounts, F.006 (v_outstanding_receivables), F.007 (v_tenant_current_dues), M.016 (both view definitions), H.052","Proven from exported evidence. No tenant-dues definition applies any tenancy-state filter. F.006 v_outstanding_receivables filters only account_code='1200' AND party_kind='tenant'. F.007 v_tenant_current_dues filters only party_kind='tenant' AND code IN ('1200','2100','2400') - despite its name, it carries NO staying_status filter and is not restricted to current tenants. The engine adds none either: staying_status appears nowhere in engine/calculators/receivables.py, only in the occupancy and deposit calculators. Joining each definition to tenant_allotments.staying_status shows the ledger headline of ₹83,297.85 is composed of current tenants at -₹26,494.15 (Staying -₹25,108.15, On-Notice -₹1,386.00, Booked ₹0.00) and ended tenancies at +₹109,792.00 (Exited ₹83,226.00, Cancelled ₹26,566.00). The sign flips: an owner asking what current tenants owe would be given a positive receivable when that population is collectively in credit. Def A and Def B split identically (they differ only in line counts - 454 Exited allotments carry reversal-only rows against 436 under the reversal-excluded convention). Def C and Def D are dominated by ended tenancies to an even greater degree: 79.9% and 100.2% of their totals respectively. This is NOT a calculation bug - each definition is arithmetically correct over the population it selects, and every published total reconciles exactly to its exported view. It is a scope question the export does not settle: no exported view, function or document states which tenancy states 'tenant dues' is meant to cover. Whether current-only, ended-only or combined is intended is Not determinable from exported evidence. Conflicting definitions exist. Business decision required.","PROVEN for every figure and for the absence of any tenancy-state filter - the two view definitions read in full from M.016, the calculator read directly, and each population split re-derived from the exported CSVs by joining to tenant_allotments.staying_status. Not determinable from exported evidence for which population the business intends.",CONFLICTING DEFINITIONS EXIST,N,"N - the figures are all computable offline; the open question is a business definition, not a data repair",SHOW_BOTH
