"Section","Item","Value","Trust","Note"
"Measures","Revenue","₹72,705,593.43","Reliable",""
"Measures","Revenue by month — 2019-11","₹1,000.00","Reliable",""
"Measures","Revenue by month — 2021-12","₹-26,000.00","Reliable",""
"Measures","Revenue by month — 2022-02","₹-1,515.00","Reliable",""
"Measures","Revenue by month — 2022-04","₹1,000.00","Reliable",""
"Measures","Revenue by month — 2022-08","₹0.00","Reliable",""
"Measures","Revenue by month — 2022-09","₹-13,000.00","Reliable",""
"Measures","Revenue by month — 2022-10","₹0.00","Reliable",""
"Measures","Revenue by month — 2022-11","₹-34,500.00","Reliable",""
"Measures","Revenue by month — 2022-12","₹-23,300.00","Reliable",""
"Measures","Revenue by month — 2023-02","₹2,100.00","Reliable",""
"Measures","Revenue by month — 2023-03","₹260,581.75","Reliable",""
"Measures","Revenue by month — 2023-04","₹384,340.00","Reliable",""
"Measures","Revenue by month — 2023-05","₹422,716.00","Reliable",""
"Measures","Revenue by month — 2023-06","₹429,191.00","Reliable",""
"Measures","Revenue by month — 2023-07","₹411,010.00","Reliable",""
"Measures","Revenue by month — 2023-08","₹20,400.00","Reliable",""
"Measures","Revenue by month — 2023-09","₹430,289.00","Reliable",""
"Measures","Revenue by month — 2023-10","₹493,964.00","Reliable",""
"Measures","Revenue by month — 2023-11","₹518,603.00","Reliable",""
"Measures","Revenue by month — 2023-12","₹536,555.00","Reliable",""
"Measures","Revenue by month — 2024-01","₹564,573.00","Reliable",""
"Measures","Revenue by month — 2024-02","₹709,259.00","Reliable",""
"Measures","Revenue by month — 2024-03","₹815,577.00","Reliable",""
"Measures","Revenue by month — 2024-04","₹984,882.00","Reliable",""
"Measures","Revenue by month — 2024-05","₹1,058,515.00","Reliable",""
"Measures","Revenue by month — 2024-06","₹1,115,718.00","Reliable",""
"Measures","Revenue by month — 2024-07","₹1,124,765.00","Reliable",""
"Measures","Revenue by month — 2024-08","₹1,296,783.00","Reliable",""
"Measures","Revenue by month — 2024-09","₹1,398,120.00","Reliable",""
"Measures","Revenue by month — 2024-10","₹1,436,431.00","Reliable",""
"Measures","Revenue by month — 2024-11","₹1,486,118.29","Reliable",""
"Measures","Revenue by month — 2024-12","₹1,535,357.77","Reliable",""
"Measures","Revenue by month — 2025-01","₹1,723,232.00","Reliable",""
"Measures","Revenue by month — 2025-02","₹2,056,307.00","Reliable",""
"Measures","Revenue by month — 2025-03","₹2,242,184.00","Reliable",""
"Measures","Revenue by month — 2025-04","₹2,423,712.62","Reliable",""
"Measures","Revenue by month — 2025-05","₹2,649,987.71","Reliable",""
"Measures","Revenue by month — 2025-06","₹2,840,892.75","Reliable",""
"Measures","Revenue by month — 2025-07","₹2,752,402.45","Reliable",""
"Measures","Revenue by month — 2025-08","₹2,963,646.85","Reliable",""
"Measures","Revenue by month — 2025-09","₹3,092,396.22","Reliable",""
"Measures","Revenue by month — 2025-10","₹2,897,959.00","Reliable",""
"Measures","Revenue by month — 2025-11","₹2,760,389.00","Reliable",""
"Measures","Revenue by month — 2025-12","₹2,570,516.57","Reliable",""
"Measures","Revenue by month — 2026-01","₹2,539,549.42","Reliable",""
"Measures","Revenue by month — 2026-02","₹2,720,625.00","Reliable",""
"Measures","Revenue by month — 2026-03","₹2,774,058.00","Reliable",""
"Measures","Revenue by month — 2026-04","₹2,890,610.00","Reliable",""
"Measures","Revenue by month — 2026-05","₹3,153,828.00","Reliable",""
"Measures","Revenue by month — 2026-06","₹3,300,730.00","Reliable",""
"Measures","Revenue by month — 2026-07","₹3,336,114.03","Reliable",""
"Measures","Revenue by month — 2026-08","₹3,244,678.00","Reliable",""
"Measures","Revenue by month — 2026-09","₹4,500.00","Reliable",""
"Measures","Collections — deposit_collections","₹116,000.00","Usable, with a caveat","answer, but state the known limitation."
"Measures","Collections — non_deposit","₹81,739,686.97","Usable, with a caveat","answer, but state the known limitation."
"Measures","Collections — total","₹81,855,686.97","Usable, with a caveat","answer, but state the known limitation."
"Measures","Collections by month — 2022-11","₹27,560.00","Usable, with a caveat","answer, but state the known limitation."
"Measures","Collections by month — 2022-12","₹49,700.00","Usable, with a caveat","answer, but state the known limitation."
"Measures","Collections by month — 2023-01","₹125,120.00","Usable, with a caveat","answer, but state the known limitation."
"Measures","Collections by month — 2023-02","₹107,062.00","Usable, with a caveat","answer, but state the known limitation."
"Measures","Collections by month — 2023-03","₹22,404.00","Usable, with a caveat","answer, but state the known limitation."
"Measures","Collections by month — 2023-04","₹458,864.00","Usable, with a caveat","answer, but state the known limitation."
"Measures","Collections by month — 2023-05","₹501,055.45","Usable, with a caveat","answer, but state the known limitation."
"Measures","Collections by month — 2023-06","₹428,472.00","Usable, with a caveat","answer, but state the known limitation."
"Measures","Collections by month — 2023-07","₹487,420.00","Usable, with a caveat","answer, but state the known limitation."
"Measures","Collections by month — 2023-08","₹491,840.00","Usable, with a caveat","answer, but state the known limitation."
"Measures","Collections by month — 2023-09","₹600,204.00","Usable, with a caveat","answer, but state the known limitation."
"Measures","Collections by month — 2023-10","₹548,973.00","Usable, with a caveat","answer, but state the known limitation."
"Measures","Collections by month — 2023-11","₹492,079.00","Usable, with a caveat","answer, but state the known limitation."
"Measures","Collections by month — 2023-12","₹585,745.00","Usable, with a caveat","answer, but state the known limitation."
"Measures","Collections by month — 2024-01","₹714,940.85","Usable, with a caveat","answer, but state the known limitation."
"Measures","Collections by month — 2024-02","₹748,945.32","Usable, with a caveat","answer, but state the known limitation."
"Measures","Collections by month — 2024-03","₹910,206.00","Usable, with a caveat","answer, but state the known limitation."
"Measures","Collections by month — 2024-04","₹1,276,402.00","Usable, with a caveat","answer, but state the known limitation."
"Measures","Collections by month — 2024-05","₹1,236,599.31","Usable, with a caveat","answer, but state the known limitation."
"Measures","Collections by month — 2024-06","₹1,155,066.00","Usable, with a caveat","answer, but state the known limitation."
"Measures","Collections by month — 2024-07","₹1,493,393.00","Usable, with a caveat","answer, but state the known limitation."
"Measures","Collections by month — 2024-08","₹1,483,629.00","Usable, with a caveat","answer, but state the known limitation."
"Measures","Collections by month — 2024-09","₹1,513,055.00","Usable, with a caveat","answer, but state the known limitation."
"Measures","Collections by month — 2024-10","₹1,466,332.00","Usable, with a caveat","answer, but state the known limitation."
"Measures","Collections by month — 2024-11","₹1,622,186.07","Usable, with a caveat","answer, but state the known limitation."
"Measures","Collections by month — 2024-12","₹1,692,950.77","Usable, with a caveat","answer, but state the known limitation."
"Measures","Collections by month — 2025-01","₹2,172,818.00","Usable, with a caveat","answer, but state the known limitation."
"Measures","Collections by month — 2025-02","₹2,346,099.00","Usable, with a caveat","answer, but state the known limitation."
"Measures","Collections by month — 2025-03","₹2,552,049.60","Usable, with a caveat","answer, but state the known limitation."
"Measures","Collections by month — 2025-04","₹2,743,782.55","Usable, with a caveat","answer, but state the known limitation."
"Measures","Collections by month — 2025-05","₹2,800,076.64","Usable, with a caveat","answer, but state the known limitation."
"Measures","Collections by month — 2025-06","₹3,347,374.96","Usable, with a caveat","answer, but state the known limitation."
"Measures","Collections by month — 2025-07","₹3,547,865.30","Usable, with a caveat","answer, but state the known limitation."
"Measures","Collections by month — 2025-08","₹3,880,935.32","Usable, with a caveat","answer, but state the known limitation."
"Measures","Collections by month — 2025-09","₹3,155,774.47","Usable, with a caveat","answer, but state the known limitation."
"Measures","Collections by month — 2025-10","₹3,109,511.73","Usable, with a caveat","answer, but state the known limitation."
"Measures","Collections by month — 2025-11","₹2,841,789.19","Usable, with a caveat","answer, but state the known limitation."
"Measures","Collections by month — 2025-12","₹2,562,698.75","Usable, with a caveat","answer, but state the known limitation."
"Measures","Collections by month — 2026-01","₹3,102,912.33","Usable, with a caveat","answer, but state the known limitation."
"Measures","Collections by month — 2026-02","₹2,994,144.13","Usable, with a caveat","answer, but state the known limitation."
"Measures","Collections by month — 2026-03","₹2,540,781.54","Usable, with a caveat","answer, but state the known limitation."
"Measures","Collections by month — 2026-04","₹3,508,201.67","Usable, with a caveat","answer, but state the known limitation."
"Measures","Collections by month — 2026-05","₹3,504,675.72","Usable, with a caveat","answer, but state the known limitation."
"Measures","Collections by month — 2026-06","₹3,769,572.52","Usable, with a caveat","answer, but state the known limitation."
"Measures","Collections by month — 2026-07","₹3,547,837.78","Usable, with a caveat","answer, but state the known limitation."
"Measures","Collections by month — 2026-08","₹3,586,582.00","Usable, with a caveat","answer, but state the known limitation."
"Measures","Collections","₹81,839,404.52","Usable, with a caveat","answer, but state the known limitation."
"Measures","Invoice billed amount","₹72,405,785.40","Usable, with a caveat","answer, but state the known limitation."
"Measures","Invoice count — total","5,214","Usable, with a caveat","answer, but state the known limitation."
"Measures","Tenant dues outstanding — Def A (reversals excluded)","₹83,297.85","Multiple definitions — review both","One of several competing definitions."
"Measures","Tenant dues outstanding — Def B (reversals included)","Ar balance: ₹83,297.85; Deposit held: ₹4,221,150.00; Booking advance: ₹0.00","Multiple definitions — review both","One of several competing definitions."
"Measures","Tenant dues outstanding — Def C: application","₹1,009,125.78","Multiple definitions — review both","One of several competing definitions."
"Measures","Tenant dues outstanding — Def D: tenant_transactions (frozen legacy ledger)","Unclipped: ₹9,968,023.32; Floored at zero: ₹10,517,031.27","Multiple definitions — review both","One of several competing definitions."
"Measures","Tenant dues outstanding — Def A (reversals excluded)","₹83,297.85","Multiple definitions — review both","One of several competing definitions."
"Measures","Tenant dues outstanding — Def B (reversals included)","Ar balance: ₹83,297.85; Deposit held: ₹4,221,150.00; Booking advance: ₹0.00","Multiple definitions — review both","One of several competing definitions."
"Measures","Tenant dues outstanding — Def C: application","₹1,009,125.78","Multiple definitions — review both","One of several competing definitions."
"Measures","Tenant dues outstanding — Def D: tenant_transactions (frozen legacy ledger)","Unclipped: ₹9,968,023.32; Floored at zero: ₹10,517,031.27","Multiple definitions — review both","One of several competing definitions."
"Measures","Tenant dues outstanding — Def A (reversals excluded)","₹83,297.85","No single reliable figure — definitions conflict","One of several competing definitions."
"Measures","Tenant dues outstanding — Def B (reversals included)","Ar balance: ₹83,297.85; Deposit held: ₹4,221,150.00; Booking advance: ₹0.00","No single reliable figure — definitions conflict","One of several competing definitions."
"Measures","Tenant dues outstanding — Def C: application","₹1,009,125.78","No single reliable figure — definitions conflict","One of several competing definitions."
"Measures","Tenant dues outstanding — Def D: tenant_transactions (frozen legacy ledger)","Unclipped: ₹9,968,023.32; Floored at zero: ₹10,517,031.27","No single reliable figure — definitions conflict","One of several competing definitions."
"Measures","Tenant dues outstanding — Def A (reversals excluded)","₹83,297.85","No single reliable figure — definitions conflict","One of several competing definitions."
"Measures","Tenant dues outstanding — Def B (reversals included)","Ar balance: ₹83,297.85; Deposit held: ₹4,221,150.00; Booking advance: ₹0.00","No single reliable figure — definitions conflict","One of several competing definitions."
"Measures","Tenant dues outstanding — Def C: application","₹1,009,125.78","No single reliable figure — definitions conflict","One of several competing definitions."
"Measures","Tenant dues outstanding — Def D: tenant_transactions (frozen legacy ledger)","Unclipped: ₹9,968,023.32; Floored at zero: ₹10,517,031.27","No single reliable figure — definitions conflict","One of several competing definitions."
"Measures","Tenant dues by tenant — Def A (reversals excluded)","₹83,297.85","No single reliable figure — definitions conflict","One of several competing definitions."
"Measures","Tenant dues by tenant — Def B (reversals included)","Ar balance: ₹83,297.85; Deposit held: ₹4,221,150.00; Booking advance: ₹0.00","No single reliable figure — definitions conflict","One of several competing definitions."
"Measures","Tenant dues by tenant — Def C: application","₹1,009,125.78","No single reliable figure — definitions conflict","One of several competing definitions."
"Measures","Tenant dues by tenant — Def D: tenant_transactions (frozen legacy)","Unclipped: ₹9,968,023.32; Floored at zero: ₹10,517,031.27","No single reliable figure — definitions conflict","One of several competing definitions."
"Measures","Tenant dues by property — Def A (reversals excluded)","₹83,297.85","Multiple definitions — review both","One of several competing definitions."
"Measures","Tenant dues by property — Def B (reversals included)","Ar balance: ₹83,297.85; Deposit held: ₹4,221,150.00; Booking advance: ₹0.00","Multiple definitions — review both","One of several competing definitions."
"Measures","Tenant dues by property — Def C: application","₹1,009,125.78","Multiple definitions — review both","One of several competing definitions."
"Measures","Tenant dues by property — Def D: tenant_transactions (frozen legacy)","Unclipped: ₹9,968,023.32; Floored at zero: ₹10,517,031.27","Multiple definitions — review both","One of several competing definitions."
"Measures","Deposit held","₹4,221,150.00","Reliable",""
"Measures","Deposit settlements — refund_amount_total","₹5,085,959.33","Usable, with a caveat","answer, but state the known limitation."
"Measures","Deposit settlements — total_deductions","₹1,936,718.10","Usable, with a caveat","answer, but state the known limitation."
"Measures","Deposit refunds","₹5,085,959.33","Usable, with a caveat","answer, but state the known limitation."
"Measures","Expenses","₹20,784,831.96","Reliable",""
"Measures","Expenses by category — administrative","₹-6,069.04","Usable, with a caveat","answer, but state the known limitation."
"Measures","Expenses by category — electricity","₹1,030,618.00","Usable, with a caveat","answer, but state the known limitation."
"Measures","Expenses by category — housekeeping","₹0.00","Usable, with a caveat","answer, but state the known limitation."
"Measures","Expenses by category — maintenance","₹677,036.00","Usable, with a caveat","answer, but state the known limitation."
"Measures","Expenses by category — marketing","₹24,631.00","Usable, with a caveat","answer, but state the known limitation."
"Measures","Expenses by category — other_expenses","₹39,366.00","Usable, with a caveat","answer, but state the known limitation."
"Measures","Expenses by category — owner_rent","₹19,019,250.00","Usable, with a caveat","answer, but state the known limitation."
"Measures","Expenses by category — property_ops","₹0.00","Usable, with a caveat","answer, but state the known limitation."
"Measures","Expenses by category — salaries","₹0.00","Usable, with a caveat","answer, but state the known limitation."
"Measures","Expenses by category — utilities","₹0.00","Usable, with a caveat","answer, but state the known limitation."
"Measures","Owner payments","₹19,019,250.00","Reliable",""
"Measures","Owner rent — Def i (v1: EXCLUDED entirely)","₹0.00","Multiple definitions — review both","One of several competing definitions."
"Measures","Owner rent — Def ii (ledger raw '510%' bucket)","₹19,019,250.00","Multiple definitions — review both","One of several competing definitions."
"Measures","Owner rent — Def iii (: substituted)","₹19,019,250.00","Multiple definitions — review both","One of several competing definitions."
"Measures","Profit — Def A (ledger)","₹51,920,761.47","No single reliable figure — definitions conflict","One of several competing definitions."
"Measures","Profit — Def B (v1)","₹71,689,383.40","No single reliable figure — definitions conflict","One of several competing definitions."
"Measures","Profit — Def C (owner-rent-inclusive)","₹51,920,761.47","No single reliable figure — definitions conflict","One of several competing definitions."
"Measures","P&L by month","2019-11-01: revenue: ₹1,000.00; expenses: ₹0.00; net_profit: ₹1,000.00; 2021-12-01: revenue: ₹-26,000.00; expenses: ₹0.00; net_profit: ₹-26,000.00; 2022-02-01: revenue: ₹0.00; expenses: ₹0.00; net_profit: ₹0.00; 2022-04-01: revenue: ₹1,000.00; expenses: ₹0.00; net_profit: ₹1,000.00; 2022-08-01: revenue: ₹0.00; expenses: ₹0.00; net_profit: ₹0.00; 2022-09-01: revenue: ₹-13,000.00; expenses: ₹0.00; net_profit: ₹-13,000.00","Reliable",""
"Measures","Cash balance","₹68,690,988.62","Reliable",""
"Measures","Trial balance / accounting checks — 1120","₹68,690,988.62","Reliable",""
"Measures","Trial balance / accounting checks — 1200","₹83,297.85","Reliable",""
"Measures","Trial balance / accounting checks — 1500","₹1,400,834.76","Reliable",""
"Measures","Trial balance / accounting checks — 2100","₹-4,221,150.00","Reliable",""
"Measures","Trial balance / accounting checks — 2200","₹-12,632,375.00","Reliable",""
"Measures","Trial balance / accounting checks — 2500","₹-1,400,834.76","Reliable",""
"Measures","Trial balance / accounting checks — 4100","₹-64,932,845.49","Reliable",""
"Measures","Trial balance / accounting checks — 4200","₹-6,626,964.98","Reliable",""
"Measures","Trial balance / accounting checks — 4250","₹-122,489.00","Reliable",""
"Measures","Trial balance / accounting checks — 4300","₹-321,000.00","Reliable",""
"Measures","Trial balance / accounting checks — 4400","₹-2,600.00","Reliable",""
"Measures","Trial balance / accounting checks — 4500","₹-265,105.00","Reliable",""
"Measures","Trial balance / accounting checks — 4900","₹-434,588.96","Reliable",""
"Measures","Trial balance / accounting checks — 5100","₹19,019,250.00","Reliable",""
"Measures","Trial balance / accounting checks — 5150","₹1,030,618.00","Reliable",""
"Measures","Trial balance / accounting checks — 5210","₹1,290.00","Reliable",""
"Measures","Trial balance / accounting checks — 5220","₹12,010.00","Reliable",""
"Measures","Trial balance / accounting checks — 5230","₹559.00","Reliable",""
"Measures","Trial balance / accounting checks — 5240","₹45,835.00","Reliable",""
"Measures","Trial balance / accounting checks — 5260","₹579,741.00","Reliable",""
"Measures","Trial balance / accounting checks — 5290","₹37,601.00","Reliable",""
"Measures","Trial balance / accounting checks — 5630","₹-6,069.04","Reliable",""
"Measures","Trial balance / accounting checks — 5800","₹24,631.00","Reliable",""
"Measures","Trial balance / accounting checks — 5900","₹39,366.00","Reliable",""
"Measures","Current rent per bed — A11 bed A1","₹19,500.00","Usable, with a caveat","Rent is recorded per bed on the allotment occupying it, and the beds in one apartment often carry different rents, so there is no single apartment rent. Recorded zero values are kept as recorded: the export does not establish whether a zero is a genuine zero-rent arrangement or a rent that was never entered."
"Measures","Current rent per bed — A11 bed B1","₹15,500.00","Usable, with a caveat","Rent is recorded per bed on the allotment occupying it, and the beds in one apartment often carry different rents, so there is no single apartment rent. Recorded zero values are kept as recorded: the export does not establish whether a zero is a genuine zero-rent arrangement or a rent that was never entered."
"Measures","Current rent per bed — A11 bed B2","₹15,500.00","Usable, with a caveat","Rent is recorded per bed on the allotment occupying it, and the beds in one apartment often carry different rents, so there is no single apartment rent. Recorded zero values are kept as recorded: the export does not establish whether a zero is a genuine zero-rent arrangement or a rent that was never entered."
"Measures","Current rent per bed — A11 bed C1","₹14,500.00","Usable, with a caveat","Rent is recorded per bed on the allotment occupying it, and the beds in one apartment often carry different rents, so there is no single apartment rent. Recorded zero values are kept as recorded: the export does not establish whether a zero is a genuine zero-rent arrangement or a rent that was never entered."
"Measures","Current rent per bed — A11 bed C2","₹14,500.00","Usable, with a caveat","Rent is recorded per bed on the allotment occupying it, and the beds in one apartment often carry different rents, so there is no single apartment rent. Recorded zero values are kept as recorded: the export does not establish whether a zero is a genuine zero-rent arrangement or a rent that was never entered."
"Measures","Current rent per bed — A12 bed A1","₹19,500.00","Usable, with a caveat","Rent is recorded per bed on the allotment occupying it, and the beds in one apartment often carry different rents, so there is no single apartment rent. Recorded zero values are kept as recorded: the export does not establish whether a zero is a genuine zero-rent arrangement or a rent that was never entered."
"Measures","Current rent per bed — A12 bed B1","₹15,500.00","Usable, with a caveat","Rent is recorded per bed on the allotment occupying it, and the beds in one apartment often carry different rents, so there is no single apartment rent. Recorded zero values are kept as recorded: the export does not establish whether a zero is a genuine zero-rent arrangement or a rent that was never entered."
"Measures","Current rent per bed — A12 bed C1","₹14,500.00","Usable, with a caveat","Rent is recorded per bed on the allotment occupying it, and the beds in one apartment often carry different rents, so there is no single apartment rent. Recorded zero values are kept as recorded: the export does not establish whether a zero is a genuine zero-rent arrangement or a rent that was never entered."
"Measures","Current rent per bed — A12 bed C2","₹14,500.00","Usable, with a caveat","Rent is recorded per bed on the allotment occupying it, and the beds in one apartment often carry different rents, so there is no single apartment rent. Recorded zero values are kept as recorded: the export does not establish whether a zero is a genuine zero-rent arrangement or a rent that was never entered."
"Measures","Current rent per bed — A23 bed A1","₹19,500.00","Usable, with a caveat","Rent is recorded per bed on the allotment occupying it, and the beds in one apartment often carry different rents, so there is no single apartment rent. Recorded zero values are kept as recorded: the export does not establish whether a zero is a genuine zero-rent arrangement or a rent that was never entered."
"Measures","Current rent per bed — A23 bed B1","₹15,500.00","Usable, with a caveat","Rent is recorded per bed on the allotment occupying it, and the beds in one apartment often carry different rents, so there is no single apartment rent. Recorded zero values are kept as recorded: the export does not establish whether a zero is a genuine zero-rent arrangement or a rent that was never entered."
"Measures","Current rent per bed — A23 bed B2","₹15,500.00","Usable, with a caveat","Rent is recorded per bed on the allotment occupying it, and the beds in one apartment often carry different rents, so there is no single apartment rent. Recorded zero values are kept as recorded: the export does not establish whether a zero is a genuine zero-rent arrangement or a rent that was never entered."
"Measures","Current rent per bed — A23 bed C1","₹14,500.00","Usable, with a caveat","Rent is recorded per bed on the allotment occupying it, and the beds in one apartment often carry different rents, so there is no single apartment rent. Recorded zero values are kept as recorded: the export does not establish whether a zero is a genuine zero-rent arrangement or a rent that was never entered."
"Measures","Current rent per bed — A23 bed C2","₹13,500.00","Usable, with a caveat","Rent is recorded per bed on the allotment occupying it, and the beds in one apartment often carry different rents, so there is no single apartment rent. Recorded zero values are kept as recorded: the export does not establish whether a zero is a genuine zero-rent arrangement or a rent that was never entered."
"Measures","Current rent per bed — A24 bed B1","₹13,500.00","Usable, with a caveat","Rent is recorded per bed on the allotment occupying it, and the beds in one apartment often carry different rents, so there is no single apartment rent. Recorded zero values are kept as recorded: the export does not establish whether a zero is a genuine zero-rent arrangement or a rent that was never entered."
"Measures","Current rent per bed — A24 bed B2","₹13,500.00","Usable, with a caveat","Rent is recorded per bed on the allotment occupying it, and the beds in one apartment often carry different rents, so there is no single apartment rent. Recorded zero values are kept as recorded: the export does not establish whether a zero is a genuine zero-rent arrangement or a rent that was never entered."
"Measures","Current rent per bed — A24 bed B3","₹13,500.00","Usable, with a caveat","Rent is recorded per bed on the allotment occupying it, and the beds in one apartment often carry different rents, so there is no single apartment rent. Recorded zero values are kept as recorded: the export does not establish whether a zero is a genuine zero-rent arrangement or a rent that was never entered."
"Measures","Current rent per bed — A24 bed C1","₹14,500.00","Usable, with a caveat","Rent is recorded per bed on the allotment occupying it, and the beds in one apartment often carry different rents, so there is no single apartment rent. Recorded zero values are kept as recorded: the export does not establish whether a zero is a genuine zero-rent arrangement or a rent that was never entered."
"Measures","Current rent per bed — A33 bed B1","₹13,500.00","Usable, with a caveat","Rent is recorded per bed on the allotment occupying it, and the beds in one apartment often carry different rents, so there is no single apartment rent. Recorded zero values are kept as recorded: the export does not establish whether a zero is a genuine zero-rent arrangement or a rent that was never entered."
"Measures","Current rent per bed — A34 bed B1","₹25,500.00","Usable, with a caveat","Rent is recorded per bed on the allotment occupying it, and the beds in one apartment often carry different rents, so there is no single apartment rent. Recorded zero values are kept as recorded: the export does not establish whether a zero is a genuine zero-rent arrangement or a rent that was never entered."
"Measures","Current rent per bed — A41 bed B1","₹13,500.00","Usable, with a caveat","Rent is recorded per bed on the allotment occupying it, and the beds in one apartment often carry different rents, so there is no single apartment rent. Recorded zero values are kept as recorded: the export does not establish whether a zero is a genuine zero-rent arrangement or a rent that was never entered."
"Measures","Current rent per bed — A41 bed B2","₹13,500.00","Usable, with a caveat","Rent is recorded per bed on the allotment occupying it, and the beds in one apartment often carry different rents, so there is no single apartment rent. Recorded zero values are kept as recorded: the export does not establish whether a zero is a genuine zero-rent arrangement or a rent that was never entered."
"Measures","Current rent per bed — A41 bed B3","₹13,500.00","Usable, with a caveat","Rent is recorded per bed on the allotment occupying it, and the beds in one apartment often carry different rents, so there is no single apartment rent. Recorded zero values are kept as recorded: the export does not establish whether a zero is a genuine zero-rent arrangement or a rent that was never entered."
"Measures","Current rent per bed — A41 bed C1","₹14,500.00","Usable, with a caveat","Rent is recorded per bed on the allotment occupying it, and the beds in one apartment often carry different rents, so there is no single apartment rent. Recorded zero values are kept as recorded: the export does not establish whether a zero is a genuine zero-rent arrangement or a rent that was never entered."
"Measures","Current rent per bed — A41 bed C2","₹14,500.00","Usable, with a caveat","Rent is recorded per bed on the allotment occupying it, and the beds in one apartment often carry different rents, so there is no single apartment rent. Recorded zero values are kept as recorded: the export does not establish whether a zero is a genuine zero-rent arrangement or a rent that was never entered."
"Measures","Current rent per bed — A41 bed D1","₹14,500.00","Usable, with a caveat","Rent is recorded per bed on the allotment occupying it, and the beds in one apartment often carry different rents, so there is no single apartment rent. Recorded zero values are kept as recorded: the export does not establish whether a zero is a genuine zero-rent arrangement or a rent that was never entered."
"Measures","Current rent per bed — A41 bed D2","₹15,500.00","Usable, with a caveat","Rent is recorded per bed on the allotment occupying it, and the beds in one apartment often carry different rents, so there is no single apartment rent. Recorded zero values are kept as recorded: the export does not establish whether a zero is a genuine zero-rent arrangement or a rent that was never entered."
"Measures","Current rent per bed — A44 bed A1","₹19,500.00","Usable, with a caveat","Rent is recorded per bed on the allotment occupying it, and the beds in one apartment often carry different rents, so there is no single apartment rent. Recorded zero values are kept as recorded: the export does not establish whether a zero is a genuine zero-rent arrangement or a rent that was never entered."
"Measures","Current rent per bed — A44 bed B1","₹15,500.00","Usable, with a caveat","Rent is recorded per bed on the allotment occupying it, and the beds in one apartment often carry different rents, so there is no single apartment rent. Recorded zero values are kept as recorded: the export does not establish whether a zero is a genuine zero-rent arrangement or a rent that was never entered."
"Measures","Current rent per bed — A44 bed B2","₹15,500.00","Usable, with a caveat","Rent is recorded per bed on the allotment occupying it, and the beds in one apartment often carry different rents, so there is no single apartment rent. Recorded zero values are kept as recorded: the export does not establish whether a zero is a genuine zero-rent arrangement or a rent that was never entered."
"Measures","Current rent per bed — A44 bed C1","₹14,500.00","Usable, with a caveat","Rent is recorded per bed on the allotment occupying it, and the beds in one apartment often carry different rents, so there is no single apartment rent. Recorded zero values are kept as recorded: the export does not establish whether a zero is a genuine zero-rent arrangement or a rent that was never entered."
"Measures","Current rent per bed — A44 bed D1","₹24,000.00","Usable, with a caveat","Rent is recorded per bed on the allotment occupying it, and the beds in one apartment often carry different rents, so there is no single apartment rent. Recorded zero values are kept as recorded: the export does not establish whether a zero is a genuine zero-rent arrangement or a rent that was never entered."
"Measures","Current rent per bed — B11 bed A1","₹19,500.00","Usable, with a caveat","Rent is recorded per bed on the allotment occupying it, and the beds in one apartment often carry different rents, so there is no single apartment rent. Recorded zero values are kept as recorded: the export does not establish whether a zero is a genuine zero-rent arrangement or a rent that was never entered."
"Measures","Current rent per bed — B11 bed B1","₹14,500.00","Usable, with a caveat","Rent is recorded per bed on the allotment occupying it, and the beds in one apartment often carry different rents, so there is no single apartment rent. Recorded zero values are kept as recorded: the export does not establish whether a zero is a genuine zero-rent arrangement or a rent that was never entered."
"Measures","Current rent per bed — B11 bed B2","₹15,500.00","Usable, with a caveat","Rent is recorded per bed on the allotment occupying it, and the beds in one apartment often carry different rents, so there is no single apartment rent. Recorded zero values are kept as recorded: the export does not establish whether a zero is a genuine zero-rent arrangement or a rent that was never entered."
"Measures","Current rent per bed — B11 bed C2","₹13,500.00","Usable, with a caveat","Rent is recorded per bed on the allotment occupying it, and the beds in one apartment often carry different rents, so there is no single apartment rent. Recorded zero values are kept as recorded: the export does not establish whether a zero is a genuine zero-rent arrangement or a rent that was never entered."
"Measures","Current rent per bed — B11 bed D1","₹25,500.00","Usable, with a caveat","Rent is recorded per bed on the allotment occupying it, and the beds in one apartment often carry different rents, so there is no single apartment rent. Recorded zero values are kept as recorded: the export does not establish whether a zero is a genuine zero-rent arrangement or a rent that was never entered."
"Measures","Current rent per bed — B12 bed A1","₹19,500.00","Usable, with a caveat","Rent is recorded per bed on the allotment occupying it, and the beds in one apartment often carry different rents, so there is no single apartment rent. Recorded zero values are kept as recorded: the export does not establish whether a zero is a genuine zero-rent arrangement or a rent that was never entered."
"Measures","Current rent per bed — B12 bed B1","₹13,600.00","Usable, with a caveat","Rent is recorded per bed on the allotment occupying it, and the beds in one apartment often carry different rents, so there is no single apartment rent. Recorded zero values are kept as recorded: the export does not establish whether a zero is a genuine zero-rent arrangement or a rent that was never entered."
"Measures","Current rent per bed — B12 bed B2","₹15,500.00","Usable, with a caveat","Rent is recorded per bed on the allotment occupying it, and the beds in one apartment often carry different rents, so there is no single apartment rent. Recorded zero values are kept as recorded: the export does not establish whether a zero is a genuine zero-rent arrangement or a rent that was never entered."
"Measures","Current rent per bed — B12 bed C1","₹12,600.00","Usable, with a caveat","Rent is recorded per bed on the allotment occupying it, and the beds in one apartment often carry different rents, so there is no single apartment rent. Recorded zero values are kept as recorded: the export does not establish whether a zero is a genuine zero-rent arrangement or a rent that was never entered."
"Measures","Current rent per bed — B12 bed C2","₹14,500.00","Usable, with a caveat","Rent is recorded per bed on the allotment occupying it, and the beds in one apartment often carry different rents, so there is no single apartment rent. Recorded zero values are kept as recorded: the export does not establish whether a zero is a genuine zero-rent arrangement or a rent that was never entered."
"Measures","Current rent per bed — B13 bed A1","₹19,000.00","Usable, with a caveat","Rent is recorded per bed on the allotment occupying it, and the beds in one apartment often carry different rents, so there is no single apartment rent. Recorded zero values are kept as recorded: the export does not establish whether a zero is a genuine zero-rent arrangement or a rent that was never entered."
"Measures","Current rent per bed — B13 bed B1","₹14,500.00","Usable, with a caveat","Rent is recorded per bed on the allotment occupying it, and the beds in one apartment often carry different rents, so there is no single apartment rent. Recorded zero values are kept as recorded: the export does not establish whether a zero is a genuine zero-rent arrangement or a rent that was never entered."
"Measures","Current rent per bed — B13 bed B2","₹15,500.00","Usable, with a caveat","Rent is recorded per bed on the allotment occupying it, and the beds in one apartment often carry different rents, so there is no single apartment rent. Recorded zero values are kept as recorded: the export does not establish whether a zero is a genuine zero-rent arrangement or a rent that was never entered."
"Measures","Current rent per bed — B13 bed C1","₹13,500.00","Usable, with a caveat","Rent is recorded per bed on the allotment occupying it, and the beds in one apartment often carry different rents, so there is no single apartment rent. Recorded zero values are kept as recorded: the export does not establish whether a zero is a genuine zero-rent arrangement or a rent that was never entered."
"Measures","Current rent per bed — B13 bed C2","₹13,500.00","Usable, with a caveat","Rent is recorded per bed on the allotment occupying it, and the beds in one apartment often carry different rents, so there is no single apartment rent. Recorded zero values are kept as recorded: the export does not establish whether a zero is a genuine zero-rent arrangement or a rent that was never entered."
"Measures","Current rent per bed — B14 bed A1","₹19,500.00","Usable, with a caveat","Rent is recorded per bed on the allotment occupying it, and the beds in one apartment often carry different rents, so there is no single apartment rent. Recorded zero values are kept as recorded: the export does not establish whether a zero is a genuine zero-rent arrangement or a rent that was never entered."
"Measures","Current rent per bed — B14 bed B1","₹0.00","Usable, with a caveat","Rent is recorded per bed on the allotment occupying it, and the beds in one apartment often carry different rents, so there is no single apartment rent. Recorded zero values are kept as recorded: the export does not establish whether a zero is a genuine zero-rent arrangement or a rent that was never entered."
"Measures","Current rent per bed — B14 bed B2","₹0.00","Usable, with a caveat","Rent is recorded per bed on the allotment occupying it, and the beds in one apartment often carry different rents, so there is no single apartment rent. Recorded zero values are kept as recorded: the export does not establish whether a zero is a genuine zero-rent arrangement or a rent that was never entered."
"Measures","Current rent per bed — B14 bed C1","₹13,500.00","Usable, with a caveat","Rent is recorded per bed on the allotment occupying it, and the beds in one apartment often carry different rents, so there is no single apartment rent. Recorded zero values are kept as recorded: the export does not establish whether a zero is a genuine zero-rent arrangement or a rent that was never entered."
"Measures","Current rent per bed — B14 bed C2","₹14,500.00","Usable, with a caveat","Rent is recorded per bed on the allotment occupying it, and the beds in one apartment often carry different rents, so there is no single apartment rent. Recorded zero values are kept as recorded: the export does not establish whether a zero is a genuine zero-rent arrangement or a rent that was never entered."
"Measures","Current rent per bed — B22 bed A1","₹19,000.00","Usable, with a caveat","Rent is recorded per bed on the allotment occupying it, and the beds in one apartment often carry different rents, so there is no single apartment rent. Recorded zero values are kept as recorded: the export does not establish whether a zero is a genuine zero-rent arrangement or a rent that was never entered."
"Measures","Current rent per bed — B22 bed B1","₹14,500.00","Usable, with a caveat","Rent is recorded per bed on the allotment occupying it, and the beds in one apartment often carry different rents, so there is no single apartment rent. Recorded zero values are kept as recorded: the export does not establish whether a zero is a genuine zero-rent arrangement or a rent that was never entered."
"Measures","Current rent per bed — B22 bed C1","₹13,500.00","Usable, with a caveat","Rent is recorded per bed on the allotment occupying it, and the beds in one apartment often carry different rents, so there is no single apartment rent. Recorded zero values are kept as recorded: the export does not establish whether a zero is a genuine zero-rent arrangement or a rent that was never entered."
"Measures","Current rent per bed — B22 bed C2","₹14,500.00","Usable, with a caveat","Rent is recorded per bed on the allotment occupying it, and the beds in one apartment often carry different rents, so there is no single apartment rent. Recorded zero values are kept as recorded: the export does not establish whether a zero is a genuine zero-rent arrangement or a rent that was never entered."
"Measures","Current rent per bed — B24 bed A1","₹19,500.00","Usable, with a caveat","Rent is recorded per bed on the allotment occupying it, and the beds in one apartment often carry different rents, so there is no single apartment rent. Recorded zero values are kept as recorded: the export does not establish whether a zero is a genuine zero-rent arrangement or a rent that was never entered."
"Measures","Current rent per bed — B24 bed B1","₹13,500.00","Usable, with a caveat","Rent is recorded per bed on the allotment occupying it, and the beds in one apartment often carry different rents, so there is no single apartment rent. Recorded zero values are kept as recorded: the export does not establish whether a zero is a genuine zero-rent arrangement or a rent that was never entered."
"Measures","Current rent per bed — B24 bed B3","₹13,500.00","Usable, with a caveat","Rent is recorded per bed on the allotment occupying it, and the beds in one apartment often carry different rents, so there is no single apartment rent. Recorded zero values are kept as recorded: the export does not establish whether a zero is a genuine zero-rent arrangement or a rent that was never entered."
"Measures","Current rent per bed — B24 bed C1","₹14,500.00","Usable, with a caveat","Rent is recorded per bed on the allotment occupying it, and the beds in one apartment often carry different rents, so there is no single apartment rent. Recorded zero values are kept as recorded: the export does not establish whether a zero is a genuine zero-rent arrangement or a rent that was never entered."
"Measures","Current rent per bed — B24 bed C2","₹14,500.00","Usable, with a caveat","Rent is recorded per bed on the allotment occupying it, and the beds in one apartment often carry different rents, so there is no single apartment rent. Recorded zero values are kept as recorded: the export does not establish whether a zero is a genuine zero-rent arrangement or a rent that was never entered."
"Measures","Current rent per bed — B31 bed B1","₹14,500.00","Usable, with a caveat","Rent is recorded per bed on the allotment occupying it, and the beds in one apartment often carry different rents, so there is no single apartment rent. Recorded zero values are kept as recorded: the export does not establish whether a zero is a genuine zero-rent arrangement or a rent that was never entered."
"Measures","Current rent per bed — B31 bed B2","₹14,500.00","Usable, with a caveat","Rent is recorded per bed on the allotment occupying it, and the beds in one apartment often carry different rents, so there is no single apartment rent. Recorded zero values are kept as recorded: the export does not establish whether a zero is a genuine zero-rent arrangement or a rent that was never entered."
"Measures","Current rent per bed — B31 bed C1","₹15,500.00","Usable, with a caveat","Rent is recorded per bed on the allotment occupying it, and the beds in one apartment often carry different rents, so there is no single apartment rent. Recorded zero values are kept as recorded: the export does not establish whether a zero is a genuine zero-rent arrangement or a rent that was never entered."
"Measures","Current rent per bed — B31 bed C2","₹15,500.00","Usable, with a caveat","Rent is recorded per bed on the allotment occupying it, and the beds in one apartment often carry different rents, so there is no single apartment rent. Recorded zero values are kept as recorded: the export does not establish whether a zero is a genuine zero-rent arrangement or a rent that was never entered."
"Measures","Current rent per bed — B32 bed A1","₹19,500.00","Usable, with a caveat","Rent is recorded per bed on the allotment occupying it, and the beds in one apartment often carry different rents, so there is no single apartment rent. Recorded zero values are kept as recorded: the export does not establish whether a zero is a genuine zero-rent arrangement or a rent that was never entered."
"Measures","Current rent per bed — B32 bed B1","₹14,500.00","Usable, with a caveat","Rent is recorded per bed on the allotment occupying it, and the beds in one apartment often carry different rents, so there is no single apartment rent. Recorded zero values are kept as recorded: the export does not establish whether a zero is a genuine zero-rent arrangement or a rent that was never entered."
"Measures","Current rent per bed — B32 bed B2","₹14,500.00","Usable, with a caveat","Rent is recorded per bed on the allotment occupying it, and the beds in one apartment often carry different rents, so there is no single apartment rent. Recorded zero values are kept as recorded: the export does not establish whether a zero is a genuine zero-rent arrangement or a rent that was never entered."
"Measures","Current rent per bed — B32 bed C1","₹12,600.00","Usable, with a caveat","Rent is recorded per bed on the allotment occupying it, and the beds in one apartment often carry different rents, so there is no single apartment rent. Recorded zero values are kept as recorded: the export does not establish whether a zero is a genuine zero-rent arrangement or a rent that was never entered."
"Measures","Current rent per bed — B33 bed A1","₹19,000.00","Usable, with a caveat","Rent is recorded per bed on the allotment occupying it, and the beds in one apartment often carry different rents, so there is no single apartment rent. Recorded zero values are kept as recorded: the export does not establish whether a zero is a genuine zero-rent arrangement or a rent that was never entered."
"Measures","Current rent per bed — B33 bed B1","₹15,500.00","Usable, with a caveat","Rent is recorded per bed on the allotment occupying it, and the beds in one apartment often carry different rents, so there is no single apartment rent. Recorded zero values are kept as recorded: the export does not establish whether a zero is a genuine zero-rent arrangement or a rent that was never entered."
"Measures","Current rent per bed — B33 bed B2","₹15,500.00","Usable, with a caveat","Rent is recorded per bed on the allotment occupying it, and the beds in one apartment often carry different rents, so there is no single apartment rent. Recorded zero values are kept as recorded: the export does not establish whether a zero is a genuine zero-rent arrangement or a rent that was never entered."
"Measures","Current rent per bed — B34 bed A1","₹19,500.00","Usable, with a caveat","Rent is recorded per bed on the allotment occupying it, and the beds in one apartment often carry different rents, so there is no single apartment rent. Recorded zero values are kept as recorded: the export does not establish whether a zero is a genuine zero-rent arrangement or a rent that was never entered."
"Measures","Current rent per bed — B34 bed B1","₹15,500.00","Usable, with a caveat","Rent is recorded per bed on the allotment occupying it, and the beds in one apartment often carry different rents, so there is no single apartment rent. Recorded zero values are kept as recorded: the export does not establish whether a zero is a genuine zero-rent arrangement or a rent that was never entered."
"Measures","Current rent per bed — B34 bed B2","₹15,500.00","Usable, with a caveat","Rent is recorded per bed on the allotment occupying it, and the beds in one apartment often carry different rents, so there is no single apartment rent. Recorded zero values are kept as recorded: the export does not establish whether a zero is a genuine zero-rent arrangement or a rent that was never entered."
"Measures","Current rent per bed — B34 bed C1","₹14,500.00","Usable, with a caveat","Rent is recorded per bed on the allotment occupying it, and the beds in one apartment often carry different rents, so there is no single apartment rent. Recorded zero values are kept as recorded: the export does not establish whether a zero is a genuine zero-rent arrangement or a rent that was never entered."
"Measures","Current rent per bed — B34 bed C2","₹13,500.00","Usable, with a caveat","Rent is recorded per bed on the allotment occupying it, and the beds in one apartment often carry different rents, so there is no single apartment rent. Recorded zero values are kept as recorded: the export does not establish whether a zero is a genuine zero-rent arrangement or a rent that was never entered."
"Measures","Current rent per bed — B41 bed A1","₹19,500.00","Usable, with a caveat","Rent is recorded per bed on the allotment occupying it, and the beds in one apartment often carry different rents, so there is no single apartment rent. Recorded zero values are kept as recorded: the export does not establish whether a zero is a genuine zero-rent arrangement or a rent that was never entered."
"Measures","Current rent per bed — B41 bed B1","₹15,500.00","Usable, with a caveat","Rent is recorded per bed on the allotment occupying it, and the beds in one apartment often carry different rents, so there is no single apartment rent. Recorded zero values are kept as recorded: the export does not establish whether a zero is a genuine zero-rent arrangement or a rent that was never entered."
"Measures","Current rent per bed — B41 bed B2","₹15,500.00","Usable, with a caveat","Rent is recorded per bed on the allotment occupying it, and the beds in one apartment often carry different rents, so there is no single apartment rent. Recorded zero values are kept as recorded: the export does not establish whether a zero is a genuine zero-rent arrangement or a rent that was never entered."
"Measures","Current rent per bed — B41 bed C2","₹14,500.00","Usable, with a caveat","Rent is recorded per bed on the allotment occupying it, and the beds in one apartment often carry different rents, so there is no single apartment rent. Recorded zero values are kept as recorded: the export does not establish whether a zero is a genuine zero-rent arrangement or a rent that was never entered."
"Measures","Current rent per bed — B42 bed A1","₹19,500.00","Usable, with a caveat","Rent is recorded per bed on the allotment occupying it, and the beds in one apartment often carry different rents, so there is no single apartment rent. Recorded zero values are kept as recorded: the export does not establish whether a zero is a genuine zero-rent arrangement or a rent that was never entered."
"Measures","Current rent per bed — B42 bed B1","₹15,500.00","Usable, with a caveat","Rent is recorded per bed on the allotment occupying it, and the beds in one apartment often carry different rents, so there is no single apartment rent. Recorded zero values are kept as recorded: the export does not establish whether a zero is a genuine zero-rent arrangement or a rent that was never entered."
"Measures","Current rent per bed — B42 bed B2","₹15,500.00","Usable, with a caveat","Rent is recorded per bed on the allotment occupying it, and the beds in one apartment often carry different rents, so there is no single apartment rent. Recorded zero values are kept as recorded: the export does not establish whether a zero is a genuine zero-rent arrangement or a rent that was never entered."
"Measures","Current rent per bed — B42 bed C1","₹13,500.00","Usable, with a caveat","Rent is recorded per bed on the allotment occupying it, and the beds in one apartment often carry different rents, so there is no single apartment rent. Recorded zero values are kept as recorded: the export does not establish whether a zero is a genuine zero-rent arrangement or a rent that was never entered."
"Measures","Current rent per bed — B42 bed C2","₹12,600.00","Usable, with a caveat","Rent is recorded per bed on the allotment occupying it, and the beds in one apartment often carry different rents, so there is no single apartment rent. Recorded zero values are kept as recorded: the export does not establish whether a zero is a genuine zero-rent arrangement or a rent that was never entered."
"Measures","Current rent per bed — B43 bed A1","₹19,500.00","Usable, with a caveat","Rent is recorded per bed on the allotment occupying it, and the beds in one apartment often carry different rents, so there is no single apartment rent. Recorded zero values are kept as recorded: the export does not establish whether a zero is a genuine zero-rent arrangement or a rent that was never entered."
"Measures","Current rent per bed — B43 bed B1","₹15,500.00","Usable, with a caveat","Rent is recorded per bed on the allotment occupying it, and the beds in one apartment often carry different rents, so there is no single apartment rent. Recorded zero values are kept as recorded: the export does not establish whether a zero is a genuine zero-rent arrangement or a rent that was never entered."
"Measures","Current rent per bed — B43 bed B2","₹15,500.00","Usable, with a caveat","Rent is recorded per bed on the allotment occupying it, and the beds in one apartment often carry different rents, so there is no single apartment rent. Recorded zero values are kept as recorded: the export does not establish whether a zero is a genuine zero-rent arrangement or a rent that was never entered."
"Measures","Current rent per bed — B43 bed C1","₹14,500.00","Usable, with a caveat","Rent is recorded per bed on the allotment occupying it, and the beds in one apartment often carry different rents, so there is no single apartment rent. Recorded zero values are kept as recorded: the export does not establish whether a zero is a genuine zero-rent arrangement or a rent that was never entered."
"Measures","Current rent per bed — B43 bed C2","₹14,500.00","Usable, with a caveat","Rent is recorded per bed on the allotment occupying it, and the beds in one apartment often carry different rents, so there is no single apartment rent. Recorded zero values are kept as recorded: the export does not establish whether a zero is a genuine zero-rent arrangement or a rent that was never entered."
"Measures","Current rent per bed — B44 bed A1","₹19,500.00","Usable, with a caveat","Rent is recorded per bed on the allotment occupying it, and the beds in one apartment often carry different rents, so there is no single apartment rent. Recorded zero values are kept as recorded: the export does not establish whether a zero is a genuine zero-rent arrangement or a rent that was never entered."
"Measures","Current rent per bed — B44 bed B1","₹13,500.00","Usable, with a caveat","Rent is recorded per bed on the allotment occupying it, and the beds in one apartment often carry different rents, so there is no single apartment rent. Recorded zero values are kept as recorded: the export does not establish whether a zero is a genuine zero-rent arrangement or a rent that was never entered."
"Measures","Current rent per bed — B44 bed B2","₹13,500.00","Usable, with a caveat","Rent is recorded per bed on the allotment occupying it, and the beds in one apartment often carry different rents, so there is no single apartment rent. Recorded zero values are kept as recorded: the export does not establish whether a zero is a genuine zero-rent arrangement or a rent that was never entered."
"Measures","Current rent per bed — B44 bed B3","₹13,500.00","Usable, with a caveat","Rent is recorded per bed on the allotment occupying it, and the beds in one apartment often carry different rents, so there is no single apartment rent. Recorded zero values are kept as recorded: the export does not establish whether a zero is a genuine zero-rent arrangement or a rent that was never entered."
"Measures","Current rent per bed — B44 bed C1","₹13,500.00","Usable, with a caveat","Rent is recorded per bed on the allotment occupying it, and the beds in one apartment often carry different rents, so there is no single apartment rent. Recorded zero values are kept as recorded: the export does not establish whether a zero is a genuine zero-rent arrangement or a rent that was never entered."
"Measures","Current rent per bed — B44 bed C2","₹14,500.00","Usable, with a caveat","Rent is recorded per bed on the allotment occupying it, and the beds in one apartment often carry different rents, so there is no single apartment rent. Recorded zero values are kept as recorded: the export does not establish whether a zero is a genuine zero-rent arrangement or a rent that was never entered."
"Measures","Current rent per bed — C11 bed A1","₹19,500.00","Usable, with a caveat","Rent is recorded per bed on the allotment occupying it, and the beds in one apartment often carry different rents, so there is no single apartment rent. Recorded zero values are kept as recorded: the export does not establish whether a zero is a genuine zero-rent arrangement or a rent that was never entered."
"Measures","Current rent per bed — C11 bed B1","₹15,500.00","Usable, with a caveat","Rent is recorded per bed on the allotment occupying it, and the beds in one apartment often carry different rents, so there is no single apartment rent. Recorded zero values are kept as recorded: the export does not establish whether a zero is a genuine zero-rent arrangement or a rent that was never entered."
"Measures","Current rent per bed — C11 bed B2","₹15,500.00","Usable, with a caveat","Rent is recorded per bed on the allotment occupying it, and the beds in one apartment often carry different rents, so there is no single apartment rent. Recorded zero values are kept as recorded: the export does not establish whether a zero is a genuine zero-rent arrangement or a rent that was never entered."
"Measures","Current rent per bed — C11 bed C1","₹14,500.00","Usable, with a caveat","Rent is recorded per bed on the allotment occupying it, and the beds in one apartment often carry different rents, so there is no single apartment rent. Recorded zero values are kept as recorded: the export does not establish whether a zero is a genuine zero-rent arrangement or a rent that was never entered."
"Measures","Current rent per bed — C11 bed C2","₹14,500.00","Usable, with a caveat","Rent is recorded per bed on the allotment occupying it, and the beds in one apartment often carry different rents, so there is no single apartment rent. Recorded zero values are kept as recorded: the export does not establish whether a zero is a genuine zero-rent arrangement or a rent that was never entered."
"Measures","Current rent per bed — C12 bed A1","₹19,500.00","Usable, with a caveat","Rent is recorded per bed on the allotment occupying it, and the beds in one apartment often carry different rents, so there is no single apartment rent. Recorded zero values are kept as recorded: the export does not establish whether a zero is a genuine zero-rent arrangement or a rent that was never entered."
"Measures","Current rent per bed — C12 bed B1","₹15,500.00","Usable, with a caveat","Rent is recorded per bed on the allotment occupying it, and the beds in one apartment often carry different rents, so there is no single apartment rent. Recorded zero values are kept as recorded: the export does not establish whether a zero is a genuine zero-rent arrangement or a rent that was never entered."
"Measures","Current rent per bed — C12 bed B2","₹15,500.00","Usable, with a caveat","Rent is recorded per bed on the allotment occupying it, and the beds in one apartment often carry different rents, so there is no single apartment rent. Recorded zero values are kept as recorded: the export does not establish whether a zero is a genuine zero-rent arrangement or a rent that was never entered."
"Measures","Current rent per bed — C12 bed C1","₹13,500.00","Usable, with a caveat","Rent is recorded per bed on the allotment occupying it, and the beds in one apartment often carry different rents, so there is no single apartment rent. Recorded zero values are kept as recorded: the export does not establish whether a zero is a genuine zero-rent arrangement or a rent that was never entered."
"Measures","Current rent per bed — C12 bed C2","₹13,500.00","Usable, with a caveat","Rent is recorded per bed on the allotment occupying it, and the beds in one apartment often carry different rents, so there is no single apartment rent. Recorded zero values are kept as recorded: the export does not establish whether a zero is a genuine zero-rent arrangement or a rent that was never entered."
"Measures","Current rent per bed — C12 bed C3","₹13,500.00","Usable, with a caveat","Rent is recorded per bed on the allotment occupying it, and the beds in one apartment often carry different rents, so there is no single apartment rent. Recorded zero values are kept as recorded: the export does not establish whether a zero is a genuine zero-rent arrangement or a rent that was never entered."
"Measures","Current rent per bed — C12 bed D1","₹14,500.00","Usable, with a caveat","Rent is recorded per bed on the allotment occupying it, and the beds in one apartment often carry different rents, so there is no single apartment rent. Recorded zero values are kept as recorded: the export does not establish whether a zero is a genuine zero-rent arrangement or a rent that was never entered."
"Measures","Current rent per bed — C12 bed D2","₹14,500.00","Usable, with a caveat","Rent is recorded per bed on the allotment occupying it, and the beds in one apartment often carry different rents, so there is no single apartment rent. Recorded zero values are kept as recorded: the export does not establish whether a zero is a genuine zero-rent arrangement or a rent that was never entered."
"Measures","Current rent per bed — C21 bed A1","₹19,500.00","Usable, with a caveat","Rent is recorded per bed on the allotment occupying it, and the beds in one apartment often carry different rents, so there is no single apartment rent. Recorded zero values are kept as recorded: the export does not establish whether a zero is a genuine zero-rent arrangement or a rent that was never entered."
"Measures","Current rent per bed — C21 bed B1","₹15,500.00","Usable, with a caveat","Rent is recorded per bed on the allotment occupying it, and the beds in one apartment often carry different rents, so there is no single apartment rent. Recorded zero values are kept as recorded: the export does not establish whether a zero is a genuine zero-rent arrangement or a rent that was never entered."
"Measures","Current rent per bed — C21 bed B2","₹15,500.00","Usable, with a caveat","Rent is recorded per bed on the allotment occupying it, and the beds in one apartment often carry different rents, so there is no single apartment rent. Recorded zero values are kept as recorded: the export does not establish whether a zero is a genuine zero-rent arrangement or a rent that was never entered."
"Measures","Current rent per bed — C21 bed C1","₹14,500.00","Usable, with a caveat","Rent is recorded per bed on the allotment occupying it, and the beds in one apartment often carry different rents, so there is no single apartment rent. Recorded zero values are kept as recorded: the export does not establish whether a zero is a genuine zero-rent arrangement or a rent that was never entered."
"Measures","Current rent per bed — C21 bed C2","₹13,500.00","Usable, with a caveat","Rent is recorded per bed on the allotment occupying it, and the beds in one apartment often carry different rents, so there is no single apartment rent. Recorded zero values are kept as recorded: the export does not establish whether a zero is a genuine zero-rent arrangement or a rent that was never entered."
"Measures","Current rent per bed — C21 bed D1","₹25,500.00","Usable, with a caveat","Rent is recorded per bed on the allotment occupying it, and the beds in one apartment often carry different rents, so there is no single apartment rent. Recorded zero values are kept as recorded: the export does not establish whether a zero is a genuine zero-rent arrangement or a rent that was never entered."
"Measures","Current rent per bed — C24 bed B1","₹13,500.00","Usable, with a caveat","Rent is recorded per bed on the allotment occupying it, and the beds in one apartment often carry different rents, so there is no single apartment rent. Recorded zero values are kept as recorded: the export does not establish whether a zero is a genuine zero-rent arrangement or a rent that was never entered."
"Measures","Current rent per bed — C24 bed B2","₹13,500.00","Usable, with a caveat","Rent is recorded per bed on the allotment occupying it, and the beds in one apartment often carry different rents, so there is no single apartment rent. Recorded zero values are kept as recorded: the export does not establish whether a zero is a genuine zero-rent arrangement or a rent that was never entered."
"Measures","Current rent per bed — C24 bed B3","₹13,500.00","Usable, with a caveat","Rent is recorded per bed on the allotment occupying it, and the beds in one apartment often carry different rents, so there is no single apartment rent. Recorded zero values are kept as recorded: the export does not establish whether a zero is a genuine zero-rent arrangement or a rent that was never entered."
"Measures","Current rent per bed — C24 bed C1","₹13,500.00","Usable, with a caveat","Rent is recorded per bed on the allotment occupying it, and the beds in one apartment often carry different rents, so there is no single apartment rent. Recorded zero values are kept as recorded: the export does not establish whether a zero is a genuine zero-rent arrangement or a rent that was never entered."
"Measures","Current rent per bed — C24 bed C2","₹13,500.00","Usable, with a caveat","Rent is recorded per bed on the allotment occupying it, and the beds in one apartment often carry different rents, so there is no single apartment rent. Recorded zero values are kept as recorded: the export does not establish whether a zero is a genuine zero-rent arrangement or a rent that was never entered."
"Measures","Current rent per bed — C31 bed A1","₹19,500.00","Usable, with a caveat","Rent is recorded per bed on the allotment occupying it, and the beds in one apartment often carry different rents, so there is no single apartment rent. Recorded zero values are kept as recorded: the export does not establish whether a zero is a genuine zero-rent arrangement or a rent that was never entered."
"Measures","Current rent per bed — C31 bed B1","₹13,600.00","Usable, with a caveat","Rent is recorded per bed on the allotment occupying it, and the beds in one apartment often carry different rents, so there is no single apartment rent. Recorded zero values are kept as recorded: the export does not establish whether a zero is a genuine zero-rent arrangement or a rent that was never entered."
"Measures","Current rent per bed — C31 bed C1","₹14,500.00","Usable, with a caveat","Rent is recorded per bed on the allotment occupying it, and the beds in one apartment often carry different rents, so there is no single apartment rent. Recorded zero values are kept as recorded: the export does not establish whether a zero is a genuine zero-rent arrangement or a rent that was never entered."
"Measures","Current rent per bed — C31 bed D1","₹25,500.00","Usable, with a caveat","Rent is recorded per bed on the allotment occupying it, and the beds in one apartment often carry different rents, so there is no single apartment rent. Recorded zero values are kept as recorded: the export does not establish whether a zero is a genuine zero-rent arrangement or a rent that was never entered."
"Measures","Current rent per bed — C34 bed A1","₹19,500.00","Usable, with a caveat","Rent is recorded per bed on the allotment occupying it, and the beds in one apartment often carry different rents, so there is no single apartment rent. Recorded zero values are kept as recorded: the export does not establish whether a zero is a genuine zero-rent arrangement or a rent that was never entered."
"Measures","Current rent per bed — C34 bed B1","₹13,600.00","Usable, with a caveat","Rent is recorded per bed on the allotment occupying it, and the beds in one apartment often carry different rents, so there is no single apartment rent. Recorded zero values are kept as recorded: the export does not establish whether a zero is a genuine zero-rent arrangement or a rent that was never entered."
"Measures","Current rent per bed — C34 bed B2","₹15,500.00","Usable, with a caveat","Rent is recorded per bed on the allotment occupying it, and the beds in one apartment often carry different rents, so there is no single apartment rent. Recorded zero values are kept as recorded: the export does not establish whether a zero is a genuine zero-rent arrangement or a rent that was never entered."
"Measures","Current rent per bed — C34 bed C1","₹14,500.00","Usable, with a caveat","Rent is recorded per bed on the allotment occupying it, and the beds in one apartment often carry different rents, so there is no single apartment rent. Recorded zero values are kept as recorded: the export does not establish whether a zero is a genuine zero-rent arrangement or a rent that was never entered."
"Measures","Current rent per bed — C34 bed C2","₹13,500.00","Usable, with a caveat","Rent is recorded per bed on the allotment occupying it, and the beds in one apartment often carry different rents, so there is no single apartment rent. Recorded zero values are kept as recorded: the export does not establish whether a zero is a genuine zero-rent arrangement or a rent that was never entered."
"Measures","Current rent per bed — C41 bed C1","₹14,500.00","Usable, with a caveat","Rent is recorded per bed on the allotment occupying it, and the beds in one apartment often carry different rents, so there is no single apartment rent. Recorded zero values are kept as recorded: the export does not establish whether a zero is a genuine zero-rent arrangement or a rent that was never entered."
"Measures","Current rent per bed — C42 bed A1","₹19,500.00","Usable, with a caveat","Rent is recorded per bed on the allotment occupying it, and the beds in one apartment often carry different rents, so there is no single apartment rent. Recorded zero values are kept as recorded: the export does not establish whether a zero is a genuine zero-rent arrangement or a rent that was never entered."
"Measures","Current rent per bed — C42 bed B1","₹15,500.00","Usable, with a caveat","Rent is recorded per bed on the allotment occupying it, and the beds in one apartment often carry different rents, so there is no single apartment rent. Recorded zero values are kept as recorded: the export does not establish whether a zero is a genuine zero-rent arrangement or a rent that was never entered."
"Measures","Current rent per bed — C42 bed B2","₹15,500.00","Usable, with a caveat","Rent is recorded per bed on the allotment occupying it, and the beds in one apartment often carry different rents, so there is no single apartment rent. Recorded zero values are kept as recorded: the export does not establish whether a zero is a genuine zero-rent arrangement or a rent that was never entered."
"Measures","Current rent per bed — C42 bed C1","₹14,500.00","Usable, with a caveat","Rent is recorded per bed on the allotment occupying it, and the beds in one apartment often carry different rents, so there is no single apartment rent. Recorded zero values are kept as recorded: the export does not establish whether a zero is a genuine zero-rent arrangement or a rent that was never entered."
"Measures","Current rent per bed — C42 bed C2","₹14,500.00","Usable, with a caveat","Rent is recorded per bed on the allotment occupying it, and the beds in one apartment often carry different rents, so there is no single apartment rent. Recorded zero values are kept as recorded: the export does not establish whether a zero is a genuine zero-rent arrangement or a rent that was never entered."
"Measures","Current rent per bed — C43 bed A1","₹19,500.00","Usable, with a caveat","Rent is recorded per bed on the allotment occupying it, and the beds in one apartment often carry different rents, so there is no single apartment rent. Recorded zero values are kept as recorded: the export does not establish whether a zero is a genuine zero-rent arrangement or a rent that was never entered."
"Measures","Current rent per bed — C43 bed B1","₹14,500.00","Usable, with a caveat","Rent is recorded per bed on the allotment occupying it, and the beds in one apartment often carry different rents, so there is no single apartment rent. Recorded zero values are kept as recorded: the export does not establish whether a zero is a genuine zero-rent arrangement or a rent that was never entered."
"Measures","Current rent per bed — C43 bed B2","₹15,500.00","Usable, with a caveat","Rent is recorded per bed on the allotment occupying it, and the beds in one apartment often carry different rents, so there is no single apartment rent. Recorded zero values are kept as recorded: the export does not establish whether a zero is a genuine zero-rent arrangement or a rent that was never entered."
"Measures","Current rent per bed — C43 bed C1","₹14,500.00","Usable, with a caveat","Rent is recorded per bed on the allotment occupying it, and the beds in one apartment often carry different rents, so there is no single apartment rent. Recorded zero values are kept as recorded: the export does not establish whether a zero is a genuine zero-rent arrangement or a rent that was never entered."
"Measures","Current rent per bed — C43 bed C2","₹13,500.00","Usable, with a caveat","Rent is recorded per bed on the allotment occupying it, and the beds in one apartment often carry different rents, so there is no single apartment rent. Recorded zero values are kept as recorded: the export does not establish whether a zero is a genuine zero-rent arrangement or a rent that was never entered."
"Measures","Current rent per bed — C44 bed A1","₹19,500.00","Usable, with a caveat","Rent is recorded per bed on the allotment occupying it, and the beds in one apartment often carry different rents, so there is no single apartment rent. Recorded zero values are kept as recorded: the export does not establish whether a zero is a genuine zero-rent arrangement or a rent that was never entered."
"Measures","Current rent per bed — C44 bed B1","₹15,500.00","Usable, with a caveat","Rent is recorded per bed on the allotment occupying it, and the beds in one apartment often carry different rents, so there is no single apartment rent. Recorded zero values are kept as recorded: the export does not establish whether a zero is a genuine zero-rent arrangement or a rent that was never entered."
"Measures","Current rent per bed — C44 bed B2","₹15,500.00","Usable, with a caveat","Rent is recorded per bed on the allotment occupying it, and the beds in one apartment often carry different rents, so there is no single apartment rent. Recorded zero values are kept as recorded: the export does not establish whether a zero is a genuine zero-rent arrangement or a rent that was never entered."
"Measures","Current rent per bed — C44 bed C1","₹14,500.00","Usable, with a caveat","Rent is recorded per bed on the allotment occupying it, and the beds in one apartment often carry different rents, so there is no single apartment rent. Recorded zero values are kept as recorded: the export does not establish whether a zero is a genuine zero-rent arrangement or a rent that was never entered."
"Measures","Current rent per bed — C44 bed C2","₹14,500.00","Usable, with a caveat","Rent is recorded per bed on the allotment occupying it, and the beds in one apartment often carry different rents, so there is no single apartment rent. Recorded zero values are kept as recorded: the export does not establish whether a zero is a genuine zero-rent arrangement or a rent that was never entered."
"Measures","Current rent per bed — D11 bed B1","₹25,500.00","Usable, with a caveat","Rent is recorded per bed on the allotment occupying it, and the beds in one apartment often carry different rents, so there is no single apartment rent. Recorded zero values are kept as recorded: the export does not establish whether a zero is a genuine zero-rent arrangement or a rent that was never entered."
"Measures","Current rent per bed — D11 bed C1","₹15,500.00","Usable, with a caveat","Rent is recorded per bed on the allotment occupying it, and the beds in one apartment often carry different rents, so there is no single apartment rent. Recorded zero values are kept as recorded: the export does not establish whether a zero is a genuine zero-rent arrangement or a rent that was never entered."
"Measures","Current rent per bed — D11 bed C2","₹15,500.00","Usable, with a caveat","Rent is recorded per bed on the allotment occupying it, and the beds in one apartment often carry different rents, so there is no single apartment rent. Recorded zero values are kept as recorded: the export does not establish whether a zero is a genuine zero-rent arrangement or a rent that was never entered."
"Measures","Current rent per bed — D11 bed D1","₹13,000.00","Usable, with a caveat","Rent is recorded per bed on the allotment occupying it, and the beds in one apartment often carry different rents, so there is no single apartment rent. Recorded zero values are kept as recorded: the export does not establish whether a zero is a genuine zero-rent arrangement or a rent that was never entered."
"Measures","Current rent per bed — D11 bed D2","₹13,000.00","Usable, with a caveat","Rent is recorded per bed on the allotment occupying it, and the beds in one apartment often carry different rents, so there is no single apartment rent. Recorded zero values are kept as recorded: the export does not establish whether a zero is a genuine zero-rent arrangement or a rent that was never entered."
"Measures","Current rent per bed — D11 bed D3","₹13,500.00","Usable, with a caveat","Rent is recorded per bed on the allotment occupying it, and the beds in one apartment often carry different rents, so there is no single apartment rent. Recorded zero values are kept as recorded: the export does not establish whether a zero is a genuine zero-rent arrangement or a rent that was never entered."
"Measures","Current rent per bed — D12 bed A1","₹19,500.00","Usable, with a caveat","Rent is recorded per bed on the allotment occupying it, and the beds in one apartment often carry different rents, so there is no single apartment rent. Recorded zero values are kept as recorded: the export does not establish whether a zero is a genuine zero-rent arrangement or a rent that was never entered."
"Measures","Current rent per bed — D12 bed B1","₹15,500.00","Usable, with a caveat","Rent is recorded per bed on the allotment occupying it, and the beds in one apartment often carry different rents, so there is no single apartment rent. Recorded zero values are kept as recorded: the export does not establish whether a zero is a genuine zero-rent arrangement or a rent that was never entered."
"Measures","Current rent per bed — D12 bed B2","₹15,500.00","Usable, with a caveat","Rent is recorded per bed on the allotment occupying it, and the beds in one apartment often carry different rents, so there is no single apartment rent. Recorded zero values are kept as recorded: the export does not establish whether a zero is a genuine zero-rent arrangement or a rent that was never entered."
"Measures","Current rent per bed — D12 bed C1","₹14,500.00","Usable, with a caveat","Rent is recorded per bed on the allotment occupying it, and the beds in one apartment often carry different rents, so there is no single apartment rent. Recorded zero values are kept as recorded: the export does not establish whether a zero is a genuine zero-rent arrangement or a rent that was never entered."
"Measures","Current rent per bed — D12 bed C2","₹14,500.00","Usable, with a caveat","Rent is recorded per bed on the allotment occupying it, and the beds in one apartment often carry different rents, so there is no single apartment rent. Recorded zero values are kept as recorded: the export does not establish whether a zero is a genuine zero-rent arrangement or a rent that was never entered."
"Measures","Current rent per bed — D15 bed A1","₹25,500.00","Usable, with a caveat","Rent is recorded per bed on the allotment occupying it, and the beds in one apartment often carry different rents, so there is no single apartment rent. Recorded zero values are kept as recorded: the export does not establish whether a zero is a genuine zero-rent arrangement or a rent that was never entered."
"Measures","Current rent per bed — D21 bed A1","₹25,500.00","Usable, with a caveat","Rent is recorded per bed on the allotment occupying it, and the beds in one apartment often carry different rents, so there is no single apartment rent. Recorded zero values are kept as recorded: the export does not establish whether a zero is a genuine zero-rent arrangement or a rent that was never entered."
"Measures","Current rent per bed — D21 bed B1","₹15,500.00","Usable, with a caveat","Rent is recorded per bed on the allotment occupying it, and the beds in one apartment often carry different rents, so there is no single apartment rent. Recorded zero values are kept as recorded: the export does not establish whether a zero is a genuine zero-rent arrangement or a rent that was never entered."
"Measures","Current rent per bed — D21 bed C1","₹13,000.00","Usable, with a caveat","Rent is recorded per bed on the allotment occupying it, and the beds in one apartment often carry different rents, so there is no single apartment rent. Recorded zero values are kept as recorded: the export does not establish whether a zero is a genuine zero-rent arrangement or a rent that was never entered."
"Measures","Current rent per bed — D21 bed C2","₹13,000.00","Usable, with a caveat","Rent is recorded per bed on the allotment occupying it, and the beds in one apartment often carry different rents, so there is no single apartment rent. Recorded zero values are kept as recorded: the export does not establish whether a zero is a genuine zero-rent arrangement or a rent that was never entered."
"Measures","Current rent per bed — D21 bed C3","₹13,000.00","Usable, with a caveat","Rent is recorded per bed on the allotment occupying it, and the beds in one apartment often carry different rents, so there is no single apartment rent. Recorded zero values are kept as recorded: the export does not establish whether a zero is a genuine zero-rent arrangement or a rent that was never entered."
"Measures","Current rent per bed — D41 bed A1","₹18,300.00","Usable, with a caveat","Rent is recorded per bed on the allotment occupying it, and the beds in one apartment often carry different rents, so there is no single apartment rent. Recorded zero values are kept as recorded: the export does not establish whether a zero is a genuine zero-rent arrangement or a rent that was never entered."
"Measures","Current rent per bed — D41 bed B1","₹15,500.00","Usable, with a caveat","Rent is recorded per bed on the allotment occupying it, and the beds in one apartment often carry different rents, so there is no single apartment rent. Recorded zero values are kept as recorded: the export does not establish whether a zero is a genuine zero-rent arrangement or a rent that was never entered."
"Measures","Current rent per bed — D41 bed B2","₹15,500.00","Usable, with a caveat","Rent is recorded per bed on the allotment occupying it, and the beds in one apartment often carry different rents, so there is no single apartment rent. Recorded zero values are kept as recorded: the export does not establish whether a zero is a genuine zero-rent arrangement or a rent that was never entered."
"Measures","Current rent per bed — D41 bed C1","₹14,500.00","Usable, with a caveat","Rent is recorded per bed on the allotment occupying it, and the beds in one apartment often carry different rents, so there is no single apartment rent. Recorded zero values are kept as recorded: the export does not establish whether a zero is a genuine zero-rent arrangement or a rent that was never entered."
"Measures","Current rent per bed — D41 bed C2","₹14,500.00","Usable, with a caveat","Rent is recorded per bed on the allotment occupying it, and the beds in one apartment often carry different rents, so there is no single apartment rent. Recorded zero values are kept as recorded: the export does not establish whether a zero is a genuine zero-rent arrangement or a rent that was never entered."
"Movements","Revenue by month","rose +₹35,384.03","Reliable","June 2026 to July 2026. These parts add up to the whole of the reported movement (₹35,384.03). Each is the same recorded amount counted once, so nothing is estimated and nothing is left over."
"What drove the change","Revenue by month — Electricity Income","+₹43,391.00","Reliable","June 2026 to July 2026"
"What drove the change","Revenue by month — Rental Income","-₹31,433.00","Reliable","June 2026 to July 2026"
"What drove the change","Revenue by month — Other Income","+₹28,726.03","Reliable","June 2026 to July 2026"
"What drove the change","Revenue by month — Exit Charges Income","-₹4,500.00","Reliable","June 2026 to July 2026"
"What drove the change","Revenue by month — Guest Stay Income","-₹800.00","Reliable","June 2026 to July 2026"
"What drove the change","Revenue by month — Onboarding Fees","₹0.00","Reliable","June 2026 to July 2026"
"Movements","P&L by month","not comparable","Reliable","June 2026 to July 2026. Its monthly values are composite, so no single quantity changes between periods. Comparing one component would be a definition choice this layer may not make. Not determinable from exported evidence."
"Movements","Collections by month","fell -₹221,734.74","Usable, with a caveat","June 2026 to July 2026. These parts add up to the whole of the reported movement (₹221,734.74). Each is the same recorded amount counted once, so nothing is estimated and nothing is left over. Receipts flagged as duplicates that are still recorded as live are included here exactly as they are in the total."
"What drove the change","Collections by month — Rent and other","-₹219,734.74","Usable, with a caveat","June 2026 to July 2026"
"What drove the change","Collections by month — Deposits","-₹2,000.00","Usable, with a caveat","June 2026 to July 2026"
"Findings","Definition Conflict","","No single reliable figure — definitions conflict","The records hold more than one definition of tenant dues outstanding, and they do not agree. Decide which definition of tenant dues outstanding the business treats as authoritative. Until then no one of the competing figures should be acted on."
"Findings","Definition Conflict","","Multiple definitions — review both","The records hold more than one definition of owner rent, and they do not agree. Decide which definition of owner rent the business treats as authoritative. Until then no one of the competing figures should be acted on."
"Findings","Definition Conflict","","No single reliable figure — definitions conflict","The records hold more than one definition of profit, and they do not agree. Decide which definition of profit the business treats as authoritative. Until then no one of the competing figures should be acted on."
"Findings","Critical","","No single reliable figure — definitions conflict","A recording problem in your data currently affects owner rent and profit, covering ₹19,019,250.00. Review the affected records before owner rent and profit are used for a decision."
"Findings","Critical","","No single reliable figure — definitions conflict","A recording problem in your data currently affects tenant dues outstanding and tenant dues by tenant and 1 other measure, covering ₹9,968,023.32. Review the affected records before tenant dues outstanding and tenant dues by tenant and 1 other measure are used for a decision."
"Findings","Critical","","No single reliable figure — definitions conflict","A recording problem in your data currently affects tenant dues outstanding and tenant dues by tenant and 2 other measures, covering 873 records and ₹1,009,125.78. Review the affected records before tenant dues outstanding and tenant dues by tenant and 2 other measures are used for a decision."
"Findings","Attention Required","","Usable, with a caveat","The records contain multiple invoices for some allotment-month combinations, covering ₹4,040,627.00. Review the affected invoice groups and confirm which are intended billing. Until that review is done they should not be treated as duplicates."
"Findings","Attention Required","","Usable, with a caveat","A recording problem in your data currently affects expenses by category and p&l by month, covering 57 records and ₹1,030,618.00. Review the affected records before expenses by category and p&l by month are used for a decision."
"Findings","Attention Required","","Usable, with a caveat","A recording problem in your data currently affects deposit settlements and deposit refunds and 1 other measure, covering ₹583,495.34. Review the affected records before deposit settlements and deposit refunds and 1 other measure are used for a decision."
"Findings","Attention Required","","Usable, with a caveat","A recording problem in your data currently affects deposit held and deposit risk and 1 other measure. Review the affected records before deposit held and deposit risk and 1 other measure are used for a decision."
"Findings","Attention Required","","No single reliable figure — definitions conflict","A recording problem in your data currently affects collections. Review the affected records before collections is used for a decision."
"Findings","Positive","","Reliable","Revenue by month rose by 35,384.03 (1.07%) between June 2026 and July 2026."
"Findings","Attention Required","","Usable, with a caveat","Collections by month fell by 221,734.74 (5.88%) between June 2026 and July 2026."
"Decisions","Tenant dues outstanding — decision needed","Open","","Several evidence-backed definitions exist and they give different answers. Decide which one the business treats as authoritative before tenant dues outstanding figures are used for decisions."
"Decisions","Owner rent — decision needed","Under review","","Several evidence-backed definitions exist and they give different answers. Decide which one the business treats as authoritative before owner rent figures are used for decisions."
"Decisions","Profit — decision needed","Resolved","","Several evidence-backed definitions exist and they give different answers. Decide which one the business treats as authoritative before profit figures are used for decisions."
"Decisions","Occupancy — decision needed","Open","","Several evidence-backed definitions exist and they give different answers. Decide which one the business treats as authoritative before occupancy figures are used for decisions."
"Decisions","Recording differences — review needed","Open","","Source and ledger records differ for owner rent, tenant dues outstanding, occupancy, collections and eb/electricity usage and cost. Review the affected records before relying on those figures."