metric_id,metric_name,business_area,definition,source_tables,source_views,source_functions,date_field,filters,aggregation,grain,reversal_policy,soft_delete_policy,duplicate_policy,historical_coverage,conflict_ids,dq_ids,ai_trust_status,validation_target,notes
M.REV.001,"Revenue (total, ledger-derived)",Financial,"SUM(signed_amount) WHERE account_type='INCOME', reversal-excluded convention (v_account_balances).","journal_lines, journal_entries, coa_accounts","v_pnl (F.001), v_revenue_by_period (F.003)",None required -- fully reconstructable from raw ledger tables,journal_entries.entry_date (journal_lines carries this denormalised at export),coa_accounts.account_type = 'INCOME',"SUM(signed_amount), signed_amount = CASE normal_balance WHEN 'CREDIT' THEN credit-debit ELSE debit-credit END",org=organization_id (single org in this dataset); property=property_id (v_pnl grain includes property_id; some manual/unlinked postings carry NULL property_id); tenant/allotment=Not applicable at this aggregate level,EXCLUDED: WHERE is_reversal_of IS NULL AND NOT EXISTS(reversal-of-this-entry). Proven equivalent in total to the reversal-INCLUDED convention (balances net to zero identically) -- see conflicts.md C.002.,"Not directly filtered here -- a soft-deleted source row's reversal entry is excluded by the same is_reversal_of rule, so its net ledger contribution is already zero.","Not applicable to the ledger total itself (duplicates live at the source-row level, e.g. invoices -- see M.INV.001/DQ.013). A duplicate invoice that was actually paid and posted DOES inflate ledger revenue; this reconstruction does not de-duplicate at the ledger layer.",Ledger (journal_entries.entry_date): 2019-11-03 to 2026-09-20 (54 months with ledger activity; business_logic.md 9). Revenue accounts specifically active across the ledger's full span.,,,SAFE,"F.001 v_pnl.revenue (validated: REV.01, exact match, Rs.72,705,593.43 both sides)",Validated by scripts/validation/validate_revenue.py
M.REV.002,Revenue by month,Financial,"GROUP BY organization_id, property_id, date_trunc('month', entry_date) of M.REV.001's reconstruction.","journal_lines, journal_entries, coa_accounts",v_pnl (F.001),None,"entry_date, truncated to calendar month",account_type='INCOME',"SUM(signed_amount) per (property_id, month)","org=organization_id; property=property_id -- REQUIRED as part of the grain: a month with both a real-property posting and a NULL-property ('manual') posting produces two separate rows, not one; tenant/allotment=Not applicable",Same as M.REV.001 (excluded convention),Same as M.REV.001,Same as M.REV.001,"53 distinct calendar months of INCOME activity within the ledger's 54-month span (one month has expense-only activity, no income).",,,SAFE,"F.001 v_pnl, monthly rows (validated: REV.02, 57 of 57 (property,month) rows match in VALUE exactly; monthly_validation/revenue_by_month.csv). Row-count differs (55 reconstructed vs 57 in the view) only because v_pnl includes 2 EXPENSE-only months with revenue=0 that an income-only reconstruction never creates a row for -- both sides are Rs.0 for those months, confirmed by inspection.",monthly_validation/revenue_by_month.csv
M.COL.001,Collections (application-level),Financial,SUM(receipts.amount_paid) WHERE NOT is_deleted,receipts,None (no dedicated collections view is exported),"get_universal_metrics / get_universal_metrics_v2 compute period-scoped versions of this (bodies exported, no output data)",payment_date,is_deleted = false,SUM(amount_paid); deposit_collections = SUM(amount_paid) WHERE receipt_type='booking'; totalCollectionsWithoutDeposit = total - deposit_collections,"org=organization_id; property=Not carried on receipts directly -- would require a join through tenant_allotments; tenant/allotment=tenant_id, tenant_allotment_id available for drill-down","NOT APPLICABLE -- this is a source-table definition, not ledger-derived. See M.COL.003 for the ledger-derived counterpart, which IS reversal-sensitive.","LIVE ROWS ONLY: is_deleted = false. This is the application's own convention, confirmed by get_universal_metrics' own SQL.","NOT applied. DQ.014 shows 11 of 5858 live receipts are still-undeduplicated flagged duplicates (0.15% of receipts) after a partial, non-remediated dedup pass.","2022-11-30 to 2026-08-28 (46 months, receipts.payment_date; business_logic.md 9).",C.014,DQ.006;DQ.014,DISCLOSE,"No dedicated business view exists to validate the total against; validated instead against H.001's legacy_amount for receipts (COLL.01, exact match Rs.81,855,686.97).",Validated by scripts/validation/validate_collections.py
M.COL.002,Collections by month,Financial,"GROUP BY date_trunc('month', payment_date) of M.COL.001's reconstruction.",receipts,None,None,"payment_date, truncated to month",is_deleted=false,SUM(amount_paid) per month; deposit vs non-deposit split retained,org=organization_id; property=Not carried (see M.COL.001); tenant/allotment=Not applicable at this grain,Not applicable (source-table definition),Live rows only,Not applied -- see M.COL.001,46 months (2022-11 to 2026-08).,C.014,DQ.006;DQ.014,DISCLOSE,"No exported view; recorded as a first computation (monthly_validation/collections_by_month.csv, 46 months).",monthly_validation/collections_by_month.csv
M.COL.003,Collections (ledger-derived),Financial,"SUM(debit) WHERE journal_entries.source_table='receipts' AND account_code IN ('1110','1120'), reversal-excluded.","journal_lines, journal_entries, coa_accounts","None dedicated (get_universal_metrics_v2 computes this internally, no exported output)","get_universal_metrics_v2 (body exported, logic reproduced here)",journal_entries.entry_date,"source_table='receipts' AND code IN ('1110','1120')",SUM(debit) over reversal-excluded lines -- reversal entries and the forward entries they reverse are both dropped.,org=organization_id; property=Not directly carried on cash-account lines; tenant/allotment=Not applicable at this aggregate,"EXCLUDED -- the v_account_balances convention: reversal entries and the forward entries they reverse are both dropped. This is the convention get_universal_metrics_v2's own v_collections SQL applies (je.is_reversal_of IS NULL AND NOT EXISTS a reversal of je.id). Equivalent to debit-minus-credit netting over the same rows: 112 reversal credits totalling Rs.5,357,078.07 exactly offset the 112 reversed forward debits.",Not directly filtered -- inherited via the reversal mechanism (a soft-deleted receipt's forward entry is offset by its reversal).,Not applied at the ledger layer.,Same ledger window as receipts-sourced postings (46 months of receipts activity within the ledger's 2019-2026 span).,C.014,DQ.006;DQ.030,DISCLOSE,"No same-definition comparable reference is wired, so this metric is UNVERIFIED. COLL.02 (H.001 v_je_amount_reconciliation je_net_amount, Rs.87,196,482.59) is supporting evidence only and is NOT this metric's reference: H.001's own formula, CASE WHEN is_reversal_of IS NULL THEN debit ELSE -debit END, never subtracts anything because reversal lines carry credit and not debit, so it reports gross debit including reversed forwards. COLL.03 is a code-defect proof for DQ.030, also supporting evidence only. Live value of this metric: Rs.81,839,404.52.",Also used to PROVE DQ.030 (get_universal_metrics_series' wrong account_code='1000' filter returns Rs.0.00 exactly against 0 rows -- validate_collections.py COLL.03).
M.INV.001,Invoice billed amount,Financial,SUM(invoices.total_amount) WHERE NOT is_deleted,invoices,"v_export_invoices (redundant wrapper, not used -- base table exported directly)",None required,"COALESCE(invoice_date, (billing_month||'-01')::date, created_at::date) per get_universal_metrics; invoice_date alone for a simpler reconstruction",is_deleted = false,SUM(total_amount),"org=organization_id; property=property_id (via tenant_allotments join if needed; invoices itself does not carry property_id directly per its exported columns -- Not determinable whether it does without re-checking M.004); tenant/allotment=tenant_id, allotment_id available directly on invoices",NOT APPLICABLE -- source-table definition. See conflicts.md C.015 for the ledger-derived counterpart's reversal handling.,"LIVE ROWS ONLY: is_deleted = false, matching get_universal_metrics' own filter.","NOT applied. DQ.013 shows 356 of 5214 live invoices (6.8%) are excess rows in 322 duplicate groups (same allotment+billing_month+invoice_type), with NO application-level deduplication mechanism at all.",2023-02-05 to 2026-09-20 (44 months plus a small tail of forward-dated rows to 2026-09-20; business_logic.md 9).,C.015;C.020,DQ.007;DQ.013,DISCLOSE,"No single exported view sums invoices.total_amount alone; cross-checked against H.001's legacy_amount for invoices (Rs.72,405,785.40) and against v_je_amount_reconciliation's ledger-net figure (Rs.74,829,055.40, INVESTIGATE, Rs.2,423,270.00 gap -- DQ.007/C.015).",
M.INV.002,Invoice count,Financial,"COUNT(*) FROM invoices WHERE NOT is_deleted, optionally grouped by invoice_type/status.",invoices,None,None,invoice_date or billing_month depending on the question,is_deleted = false,COUNT(*),org=organization_id; property=Via join if needed; tenant/allotment=Via join if needed,Not applicable,Live rows only,"NOT applied by default -- see DQ.013. A duplicate-aware count would be 5214-356=4858 unique (allotment,billing_month,invoice_type) invoices.",Same as M.INV.001 (2023-02 to 2026-09).,,DQ.013,DISCLOSE,H.035 (invoice_type_status_matrix) provides an independent breakdown by type/status/reference_type; total row count (5214) matches M.006's exact count directly.,
M.AR.001A,Tenant dues -- Def A: v_outstanding_receivables (reversals excluded),Financial,"SUM(signed_amount) WHERE account_code='1200' AND party_kind='tenant', GROUP BY tenant_id, allotment_id, from v_account_balances.","journal_lines, journal_entries, coa_accounts",v_outstanding_receivables (F.006),None,entry_date (for last_charge_date/last_payment_date only; not a filter on the balance itself),account_code='1200' AND party_kind='tenant',"SUM(signed_amount) per (tenant_id, allotment_id)","org=organization_id; property=Not carried directly (would need a join through tenant_allotments); tenant/allotment=tenant_id, allotment_id",EXCLUDED (v_account_balances convention: WHERE is_reversal_of IS NULL AND NOT reversed).,Inherited via reversal exclusion -- a soft-deleted invoice/receipt/adjustment's reversed entries are excluded.,Not applied at the ledger layer.,"Ledger span, 2019-11 to 2026-09.",C.001;C.002;C.005,DQ.002;DQ.037,SHOW_BOTH,"F.006 v_outstanding_receivables (validated: AR.01, exact match Rs.83,297.85).",One of FOUR competing tenant-balance definitions -- see AR.001A-D collectively. Never expose alone without disclosing the others exist.
M.AR.001B,Tenant dues -- Def B: v_tenant_current_dues (reversals included),Financial,"Per-account SUM(debit-credit or credit-debit) for accounts 1200/2100/2400, GROUP BY tenant_id, allotment_id, from raw journal_lines (no reversal filter).","journal_lines, journal_entries, coa_accounts",v_tenant_current_dues (F.007),None,"entry_date (for last_charge_date/last_payment_date, charge_count/payment_count)","party_kind='tenant' AND code IN ('1200','2100','2400')","SUM per (tenant_id, allotment_id); ar_balance = net_dues (account 1200 only); deposit_held (2100); booking_advance (2400)","org=organization_id; property=Not carried directly; tenant/allotment=tenant_id, allotment_id",INCLUDED -- no is_reversal_of filter. charge_count/payment_count DO double-count a reversed-and-reposted charge (row counts are NOT reversal-neutral even though dollar totals are).,No explicit filter -- relies on the reversal mechanism to net out soft-deleted sources.,Not applied.,"Ledger span, 2019-11 to 2026-09.",C.001;C.002;C.005,DQ.002;DQ.037,SHOW_BOTH,"F.007 v_tenant_current_dues (validated: AR.02, exact match Rs.83,297.85; AR.03 proves A==B for the total).",One of FOUR competing tenant-balance definitions.
M.AR.001C,Tenant dues -- Def C: application tenant_allotments.balance_due,Financial,"tenant_allotments.balance_due, as stored (no reconstruction logic -- it is itself the source).",tenant_allotments,None,Not determinable from exported evidence (the writer of this column is not among the 25 exported function bodies),"Not applicable (a current-value column, not an event)",None (or staying_status filter if scoping to current tenants),"SUM(balance_due) for a portfolio total, or read per-row for one allotment","org=organization_id; property=property_id (carried directly on tenant_allotments); tenant/allotment=tenant_id, allotment_id (this IS the grain)",NOT APPLICABLE -- not ledger-derived at all.,Not applicable (tenant_allotments has no is_deleted column in its exported columns),Not applicable.,Reflects whatever was last written to this column -- not a time series.,C.001;C.005,DQ.002;DQ.037,BLOCK,"No exported view/diagnostic pre-sums this column; summed directly in this pass (validate_receivables.py: Rs.1,009,125.78 over 97 allotments >0).",One of FOUR competing tenant-balance definitions. BLOCK: never state this as THE tenant balance without disclosing the other three.
M.AR.001D,Tenant dues -- Def D: tenant_transactions (frozen legacy ledger),Financial,"SUM(amount WHERE direction='DEBIT') - SUM(amount WHERE direction='CREDIT') per allotment, filtered to ledger_type IN ('CHARGE','PAYMENT'). TWO sub-variants exist: unclipped (can net negative across the total) and GREATEST(...,0)-floored per allotment.",tenant_transactions,"None (tenant_transactions is a raw table, not a view)",Not determinable from exported evidence -- no trigger references this table (absent from FN.TRG's 55 rows),"date (NOTE: 1 row has a corrupt year, '0206-03-27' -- DQ.023)","ledger_type IN ('CHARGE','PAYMENT')","SUM(signed amount) per allotment_id, unclipped OR floored at 0 (two sub-definitions)","org=organization_id; property=Not carried directly on tenant_transactions; tenant/allotment=tenant_id, allotment_id",NOT APPLICABLE -- this table has no relationship to journal_entries/is_reversal_of at all.,"Not applicable (no is_deleted column; the table is a frozen, one-time bulk load).",Not assessed -- no duplicate-detection mechanism exists for this table.,"date column spans 2019-11-03 to 2026-05-05 nominally, but ALL 16,451 rows were created_at between 2026-04-17 and 2026-04-28 -- an 11-day migration/backfill window, not a live feed. FROZEN since that load (DQ.019).",C.001;C.003;C.005,DQ.002;DQ.019;DQ.023;DQ.037,BLOCK,"H.052 (T164500.151) def2_tenant_transactions column (validated: AR.04a, exact match Rs.9,968,023.32, proving the unclipped-sum mechanism). The floored variant (AR.04b) has no exported reference to compare against (NOT_DETERMINABLE).",One of FOUR competing tenant-balance definitions. BLOCK: catastrophic (~120x) overstatement risk if ever mistakenly surfaced as tenant dues.
M.AR.002,Tenant dues by tenant,Financial,"Same four definitions as M.AR.001A-D, filtered to WHERE tenant_id = <x> (or allotment_id = <x>).",Same as M.AR.001A-D,"F.006, F.007",None,Same as M.AR.001A-D,+ tenant_id or allotment_id filter,"Same, at tenant/allotment grain (this IS the natural grain of all four definitions)","org=organization_id; property=Via tenant_allotments.property_id; tenant/allotment=tenant_id, allotment_id (native grain)",Same four-way treatment as M.AR.001A-D,Same as M.AR.001A-D,Same as M.AR.001A-D,Same as M.AR.001A-D,C.001;C.003;C.005,DQ.002;DQ.019,SHOW_BOTH,Same underlying validation as M.AR.001A-D (AR.01-AR.04c).,
M.AR.003,Tenant dues by property,Financial,"Same as M.AR.001A/B, joined to tenant_allotments on allotment_id to bring in property_id, then GROUP BY property_id.","journal_lines, journal_entries, coa_accounts, tenant_allotments","F.006, F.007",None,Same as M.AR.001A/B,Same as M.AR.001A/B,SUM per property_id,"org=organization_id; property=property_id (via join, not native to the AR views); tenant/allotment=Aggregated away","Same as M.AR.001A/B (both conventions, total proven identical)",Same as M.AR.001A/B,Same as M.AR.001A/B,Same as M.AR.001A/B,C.001;C.002,DQ.002,SHOW_BOTH,Not separately validated (degenerate single-property case); underlying totals validated via AR.01/AR.02.,
M.DEP.001,Deposit held,Financial,"SUM(credit-debit) WHERE account_code='2100' AND party_kind='tenant', reversal-excluded.","journal_lines, journal_entries, coa_accounts",v_advance_balances (F.010),None,entry_date (not a filter for the current balance),account_code='2100' AND party_kind='tenant',"SUM(credit-debit) per tenant/allotment, or grand total","org=organization_id; property=Not carried directly; tenant/allotment=tenant_id, allotment_id",EXCLUDED (v_account_balances convention).,Inherited via reversal exclusion.,Not applied.,"Ledger span for account 2100 activity, within 2019-11 to 2026-09; deposit_settlements table itself spans 2023-04 to 2026-09.",,DQ.011;DQ.012;DQ.035,SAFE,"F.010 v_advance_balances.deposit_held (validated: DEP.01, exact match Rs.4,221,150.00).",
M.DEP.002,Deposit settlements,Financial,"deposit_settlements table, live rows (NOT is_deleted), with status IN ('completed','approved') as the ledger-posting gate.",deposit_settlements,v_export_deposit_settlements (redundant wrapper),trg_settlement_journal_post (posting gate/orchestration; build_settlement_lines composition not exported),settlement_date,"NOT is_deleted; status IN ('completed','approved') for 'what actually posted to the ledger'","SUM(refund_amount), SUM(total_deductions), COUNT(*) by status","org=organization_id; property=Via tenant_allotments join; tenant/allotment=tenant_id, allotment_id","Ledger-side posting (via M.DEP.002's journal effect, not the source table itself) follows the standard reverse-and-repost mechanism on status transitions and amount edits (business_logic.md 5.1).","LIVE ROWS ONLY: is_deleted=false for the source total. Ledger side: hard-delete triggers a generic cascade-delete of the JE (business_logic.md 1.4), not a reversal.",v_deposit_ledger_anomalies (H.046) flags 'duplicate_open_settlement' as one of 3 anomaly types (of 22 total anomaly rows).,"2023-04-03 to 2026-09-20 (35 months, settlement_date).",C.016,DQ.008;DQ.012,DISCLOSE,"H.001 legacy_amount for deposit_settlements (validated: DEP.03, exact match Rs.5,085,959.33); ledger net (validated: DEP.04, exact match Rs.5,669,454.67, reproducing the Rs.583,495.34 gap exactly); entry_count=3 cluster size (validated: DEP.05, 38 vs H.050's 37).",
M.DEP.003,Deposit refunds,Financial,"SUM(deposit_settlements.refund_amount) WHERE NOT is_deleted (source) OR SUM(ledger credit on 11xx accounts, source_table='deposit_settlements') (ledger).",deposit_settlements; journal_lines/journal_entries/coa_accounts for the ledger side,None dedicated,trg_settlement_journal_post,settlement_date,NOT is_deleted,SUM(refund_amount),"org=organization_id; property=Via join; tenant/allotment=tenant_id, allotment_id",Source total: not applicable. Ledger total: reversal-included via sign-inversion netting (same construction as M.COL.003).,Live rows only (source); reversal-based on the ledger side.,Not separately assessed for refunds specifically (see M.DEP.002's duplicate_open_settlement anomaly).,Same as M.DEP.002 (2023-04 to 2026-09).,C.016,DQ.008,DISCLOSE,Identical figures to M.DEP.002's DEP.03/DEP.04 (refund_amount IS the field being reconciled there).,
M.EXP.001,"Expenses (total, ledger-derived)",Financial,"SUM(signed_amount) WHERE account_type='EXPENSE', reversal-excluded.","journal_lines, journal_entries, coa_accounts",v_pnl (F.001),None,entry_date,account_type='EXPENSE',SUM(signed_amount),org=organization_id; property=property_id (v_pnl grain); tenant/allotment=Not applicable,EXCLUDED (v_account_balances convention).,Inherited via reversal exclusion.,Not applicable to the ledger total (source-level duplicates would need to be assessed on expenses table itself; no duplicate-expense diagnostic was exported).,"2023-03-11 to 2026-08-24 (35 months, expenses.expense_date) within the ledger's fuller 2019-2026 span (other expense sources, e.g. owner_payments, extend further back).",,DQ.033,SAFE,"F.001 v_pnl.expenses (validated: EXP.01, exact match Rs.20,784,831.96; monthly series in EXP.07, 0 mismatches).",
M.EXP.002,Expenses by category,Financial,"v_pnl_by_category's 9 hand-written account_code LIKE-pattern buckets, PLUS a required 10th 'electricity' bucket (account 5150, '515%' pattern) that the 9 named buckets do NOT capture.","journal_lines, journal_entries, coa_accounts","v_pnl_by_category (F.002); v_expense_composition (F.019, uses a DIFFERENT COA-parent-based rollup, not pattern-based)",None,entry_date,account_type='EXPENSE',SUM(signed_amount) per bucket,org=organization_id; property=property_id; tenant/allotment=Not applicable,"EXCLUDED (v_account_balances convention, same as M.EXP.001).",Same as M.EXP.001,Same as M.EXP.001,Same ledger span as M.EXP.001 (57 months with EXPENSE activity).,C.012;C.013;C.022,DQ.015;DQ.033;DQ.034,DISCLOSE,"F.002 v_pnl_by_category (validated: EXP.02 sum_of_buckets exact match Rs.19,754,213.96; EXP.03 electricity exact match Rs.1,030,618.00; EXP.04 proves the unbucketed==electricity identity exactly; EXP.05/EXP.06 cross-checked against H.017's 57-month totals, exact match).","Electricity must be added as its OWN category, not merged into utilities or any other bucket, per the brief's explicit instruction and the lack of any evidence supporting a different mapping."
M.OWN.001,Owner payments (source total),Financial,"SUM(COALESCE(escalated_amount, base_amount)) FROM owner_payments, status IN ('paid','pending') for the period-relevant subset, or all rows for an all-time total.",owner_payments,None dedicated,trg_owner_payment_journal_post (posting orchestration ONLY -- body NOT among the 25 exported; exact account/amount composition Not determinable from exported evidence),"bill_date (ledger-posting basis, per normalize_owner_payment_journal_dates) OR COALESCE(paid_date,due_date) (v_diag_owner_rent_missing_from_profit's basis) -- THESE TWO BASES DISAGREE at the monthly grain on 7 of 54 months even though they agree exactly on the all-time total (DQ.017).","status IN ('paid','pending') to match v_diag_owner_rent_missing_from_profit's convention; or none for a raw total",SUM(escalated_or_base),org=organization_id; property=Via owner_contracts/apartment_id join; tenant/allotment=Not applicable,"Not applicable at the source level. Ledger side: PROVEN PERFECT match to source (H.001, 0.00 diff) -- the only one of the 6 source-vs-ledger reconciliations in H.001 with zero drift.","owner_payments has NO is_deleted column in its exported schema -- all rows are 'live' by construction; deletion is hard-delete only (cascade-deletes the JE, business_logic.md 1.4/9.1).",Not assessed -- no duplicate-detection diagnostic exists for owner_payments.,"2022-11-01 to 2026-08-01 (46 months, bill_date).",,DQ.017;DQ.020,SAFE,"H.001 legacy_amount/je_net_amount for owner_payments (validated: OWNPAY.01/OWNPAY.02, both exact matches, Rs.19,019,250.00).",
M.OWN.002,"Owner rent (ledger bucket, 3 definitions)",Financial,"Def i (v1, EXCLUDES entirely): get_universal_metrics v1's totalProfit has NO owner_payments term at all. Def ii (ledger raw): v_pnl_by_category's owner_rent bucket ('510%' pattern), whatever is actually posted. Def iii (v2, SUBSTITUTED): get_universal_metrics_v2 explicitly discards the ledger's '510%' bucket for the period and replaces it with SUM(owner_payments.escalated_amount) filtered on bill_date.","journal_lines, journal_entries, coa_accounts, owner_payments","v_pnl_by_category (F.002, Def ii); v_diag_owner_rent_missing_from_profit (F.028, documents Def i's gap in its own text)","get_universal_metrics (Def i), get_universal_metrics_v2 (Def iii) -- both bodies fully exported",entry_date (Def ii); bill_date (Def iii),account_type='EXPENSE' AND code LIKE '510%' (Def ii); bill_date BETWEEN period (Def iii),SUM per definition,org=organization_id; property=property_id (Def ii only); tenant/allotment=Not applicable,"Def ii: EXCLUDED (v_account_balances convention). Def i/iii: not ledger-derived at the owner-rent-specific level (Def iii sources raw owner_payments, no reversal concept).",Def ii inherited via reversal exclusion; Def iii: owner_payments has no is_deleted column.,Not applicable.,"All-time total PROVEN IDENTICAL across Def ii and Def iii's underlying source (Rs.19,019,250.00, both H.030 and H.001). Monthly grain: 7 of 54 months differ (DQ.017) due to the bill_date-vs-paid_date/due_date basis mismatch between v_diag_owner_rent_missing_from_profit and the other two.",C.010;C.011,DQ.016;DQ.017;DQ.020,SHOW_BOTH,"H.030 pnl_owner_rent (validated: PROFIT.04, exact match Rs.19,019,250.00); F.028 owner_rent_paid_or_accrued (validated: PROFIT.03, exact match).",Owner-rent difference is the single most consequential profit-definition conflict in the package -- see M.PROFIT.001.
M.PROFIT.001,Gross/net profit (3 definitions),Financial,"Def A (ledger, v_pnl): revenue - expenses, both ledger-derived, whatever owner-rent amount the ledger happens to hold. Def B (get_universal_metrics v1): SUM(invoices.total_amount) - SUM(expenses.amount), ALL-TIME/period-scoped from application tables, NO owner_payments term. Def C (get_universal_metrics v2, owner-rent-inclusive): ledger revenue - (ledger expenses with the owner_rent bucket explicitly replaced by SUM(owner_payments.escalated_amount) for the period).","Def A: journal_lines/journal_entries/coa_accounts. Def B: invoices, expenses. Def C: journal_lines/journal_entries/coa_accounts + owner_payments.","v_pnl (F.001, Def A only)","get_universal_metrics (Def B), get_universal_metrics_v2 (Def C) -- both bodies fully exported","entry_date (Def A/C); COALESCE(billing_month,invoice_date,created_at) (Def B, invoices) / expense_date (Def B, expenses)","account_type IN ('INCOME','EXPENSE') (Def A); is_deleted=false on invoices (Def B)","revenue - expenses, per definition",org=organization_id; property=property_id (Def A/C); not natively carried in a simple Def B reconstruction; tenant/allotment=Not applicable,Def A/C: EXCLUDED (v_account_balances convention). Def B: NOT APPLICABLE -- never touches journal_entries at all; an invoice's ledger reversal has zero effect on Def B.,Def A/C: inherited via reversal exclusion. Def B: is_deleted=false on invoices; expenses has no is_deleted column (all rows live).,"Def B inherits invoices' 6.8% duplicate-row population (DQ.013) unless de-duplicated; Def A/C do not (ledger-level, not source-row-level).","All-time reconstruction spans the ledger's 2019-2026 window (Def A/C) or invoices/expenses' narrower 2023-2026 windows (Def B) -- Def B is NOT bounded by ledger availability and can include invoices dated beyond the ledger's last posted month (a Rs.749,371.40 / 1.06% gap was found between this pass's all-time Def-B reconstruction and H.030's ledger-bounded 54-month figure -- a scope difference, not a new defect).",C.010;C.011,DQ.016;DQ.017,BLOCK,"F.001 v_pnl.net_profit (validated: PROFIT.01, exact match Rs.51,920,761.47, Def A); H.030's profit_if_owner_rent_excluded (validated: PROFIT.05, exact match Rs.70,940,012 vs this pass's own Def-B reconstruction of Rs.71,689,383.40 -- 1.06% apart, explained by scope per above); overstatement percentage (validated: PROFIT.06, 36.63% reconstructed vs 36.6% in conflicts.md C.011, exact match).","BLOCK: never state a single profit figure without naming which definition it is. This is the highest-severity profit-related finding in the package (DQ.016, CRITICAL)."
M.PNL.001,P&L by month,Financial,"M.REV.002 and M.EXP.001's monthly reconstruction, joined at (property_id, month) grain, net_profit = revenue - expenses.","journal_lines, journal_entries, coa_accounts",v_pnl (F.001),None,"entry_date, truncated to month","account_type IN ('INCOME','EXPENSE')","SUM(signed_amount) per (property_id, month), split by account_type, net_profit = revenue-expenses","org=organization_id; property=property_id (required grain component, see M.REV.002); tenant/allotment=Not applicable",EXCLUDED (v_account_balances convention).,Inherited via reversal exclusion.,Not applicable at the ledger layer.,"57 (property,month) rows / 53 distinct calendar months with INCOME activity; 57 distinct months with EXPENSE activity, spanning the ledger's 2019-11 to 2026-09 window (activity is NOT uniform across that full span -- see business_logic.md 9 for the actual per-domain coverage).",C.012;C.013,DQ.015;DQ.033,SAFE,"F.001 v_pnl, monthly rows (validated: REV.02/EXP.07 for the two halves; 0 VALUE mismatches across all 57 overlapping rows; monthly_validation/revenue_by_month.csv and expenses_by_month.csv).",
M.CASH.001,Cash balance,Financial,"SUM(signed_amount) WHERE account_code IN ('1110','1120'), reversal-excluded, all-time (a running balance, not period-scoped).","journal_lines, journal_entries, coa_accounts",v_org_cash_balance (F.011),None,entry_date (not a filter for the current balance -- this is a running total),"code IN ('1110','1120')","SUM(signed_amount), all postings to date",org=organization_id; property=Not carried on cash-account lines; tenant/allotment=Not applicable,EXCLUDED (v_account_balances convention).,Inherited via reversal exclusion.,Not applicable.,"Full ledger span (2019-11 to 2026-09) -- this is a cumulative balance, not a period figure.",,,SAFE,"F.011 v_org_cash_balance (not independently re-validated in this pass's scripts -- same construction pattern as M.DEP.001, which IS validated exactly; recommend adding to a future validation pass).","Not directly exercised by scripts/validation/ in this pass -- same reconstruction pattern as DEP.01, high confidence by analogy but NOT independently confirmed. Flagged honestly rather than claimed as validated."
M.TB.001,Trial balance / accounting checks,Financial,"TWO views exist: v_trial_balance (reversal-excluded, only accounts with activity) and v_trial_balance_detailed (reversal-included via raw journal_lines, ALL 57 COA accounts including zero-activity ones via LEFT JOIN).","journal_lines, journal_entries, coa_accounts","v_trial_balance (F.012), v_trial_balance_detailed (F.013), v_account_rollup (F.014, adds parent/child COA rollup)",None,Not applicable (all-time balance),None (all accounts) or is_reversal_of IS NULL AND not-reversed (F.012's convention),"SUM(debit), SUM(credit), balance = debit-credit or credit-debit per normal_balance",org=organization_id; property=Not applicable at account grain; tenant/allotment=Not applicable,"BOTH conventions exist side by side and are BOTH exact -- F.012 (24 accounts with activity, reversal-excluded) and F.013 (57 accounts, all of COA, reversal-included) were independently reconstructed and BOTH matched their respective exported views exactly in this pass.",F.012 inherits reversal-based netting; F.013 does not filter at all (raw journal_lines).,Not applicable.,"Full ledger span, 2019-11 to 2026-09.",C.002,,SAFE,"F.012 v_trial_balance (validated: LEDGER.04, exact match, 24/24 accounts, 0 mismatches); F.013 v_trial_balance_detailed (validated: LEDGER.07, exact total_debit match Rs.217,212,447.24); H.007's 10-account reversal-effect set (validated: LEDGER.08, exact match).",The most thoroughly validated metric family in this deliverable -- 8 of 8 ledger-foundation checks (LEDGER.01-08) matched exactly.
M.OCC.001,Current occupancy (5+ definitions),Operations,"Def A (v_occupancy): Live bed+apt, Staying only = 168/195 = 86.15%. Def B: Live bed+apt, Staying+On-Notice = 175/195 = 89.74%. Def C: ALL beds (no Live filter), Staying+On-Notice = 175/203 = 86.21%. Def D (get_universal_metrics v1): bed.status=Live only (no apartment filter), Staying = 168/195. Def E (get_bed_occupancy_timeline): Staying+On-Notice+Exited, historical, ALL beds = 194/203 = 95.57% (lifetime, not a snapshot). get_universal_metrics_v2 computes occupancyPct = (occupied+notice)/total, matching Def B's numerator basis, PLUS a 6th metric, monthOccupancyPct (day-weighted, current calendar month only).","beds, apartments, tenant_allotments","v_occupancy (F.005), v_active_tenants (F.022, tenant-grained, see M.OCC.002)","get_universal_metrics (Def D), get_universal_metrics_v2 (Def B basis + monthOccupancyPct), get_bed_occupancy_timeline (Def E), get_occupancy_intelligence (day-weighted historical, 7th metric family, no exported output)",Not applicable for snapshot definitions (A-D); onboarding_date/actual_exit_date for Def E,beds.status='Live' (+ apartments.status='Live' for A/B); staying_status IN (varies by definition),COUNT(*) FILTER (...) per definition,"org=organization_id; property=property_id; tenant/allotment=bed_id (beds are the natural grain, not tenants, for Def A-D)",Not applicable (no ledger involvement).,Not applicable (beds/apartments/tenant_allotments have no is_deleted column in their exported schema; status fields serve this role instead).,"H.056 documents 187 overlapping tenant_allotments pairs on the same bed -- Def A-D's EXISTS-based bed-state checks are NOT affected by this (a bed with 2 overlapping Staying allotments still just has has_staying=true), but any occupied-DAYS calculation (Def E, get_occupancy_intelligence) MUST merge overlapping intervals or it will double-count days -- confirmed get_occupancy_intelligence's own SQL does this via an explicit gaps-and-islands merge.",tenant_allotments.onboarding_date: 2019-11-03 to 2026-08-31 (67 months) -- the widest historical span of any domain in the package.,C.006;C.007;C.008;C.009,DQ.004;DQ.005,SHOW_BOTH,"F.005 v_occupancy (validated: OCC.01-05, all exact matches, including the reproduced defect); H.012a-e (validated: OCC.06-08b, all exact matches); F.022 v_active_tenants (validated: OCC.10-12, all exact matches).",16 of 16 occupancy validation checks matched exactly (scripts/validation/validate_occupancy.py) -- the most exhaustively cross-checked metric family after the ledger foundation.
M.OCC.002,Occupancy by property,Operations,"Same 5+ definitions as M.OCC.001, GROUP BY property_id.",Same as M.OCC.001,"v_occupancy (F.005) is already grouped by (organization_id, property_id)",Same as M.OCC.001,Same as M.OCC.001,Same as M.OCC.001,"Same, per property_id",org=organization_id; property=property_id (native grain); tenant/allotment=Aggregated away,Not applicable,Not applicable,Same as M.OCC.001,Same as M.OCC.001,C.006;C.007;C.008;C.009,DQ.004;DQ.005,SHOW_BOTH,Identical to M.OCC.001 (single-property dataset).,
M.OCC.003,Occupancy by apartment,Operations,"get_occupancy_intelligence's apt/heat CTEs: per-apartment total_beds, occupied_beds_now, day-weighted occupancy_pct, monthly heatmap.","beds, apartments, tenant_allotments",None (get_occupancy_intelligence has no exported output rows),get_occupancy_intelligence (full body exported),"Window-bounded (p_from/p_to parameters, day-level)",beds.status='Live' AND apartments.status='Live',"Day-weighted occupied_days/available_days per apartment, plus current-snapshot occupied_beds_now (status_now IN ('occupied','notice'))","org=organization_id; property=property_id (via apartment); tenant/allotment=apartment_id (grain), bed_id (input)",Not applicable,Not applicable,Overlapping allotments on one bed are explicitly merged (gaps-and-islands) before day-counting -- this is the ONE occupancy function proven to guard against H.056's 187 overlap pairs.,Bounded by the p_from/p_to parameters supplied; underlying data spans 2019-11 to 2026-08.,C.006;C.008,DQ.004,NOT_DETERMINABLE,No exported output to validate against -- Not determinable from exported evidence whether a reconstruction matches production output.,Reconstructable but unvalidated -- flagged honestly rather than assumed correct.
M.OCC.004,Occupancy by bed,Operations,"get_bed_occupancy_timeline(bed_id, from, to): occupied/vacant day-range segments per bed. get_occupancy_intelligence: adds occupancy_pct, avg_fill_days, avg_stay_days, turnover, realized/potential revenue, a 0-100 score.",tenant_allotments (+ beds/apartments for availability window),None,"get_bed_occupancy_timeline, get_occupancy_intelligence (both bodies exported)","onboarding_date, actual_exit_date, day-range window [p_from,p_to] clamped to LEAST(p_to, CURRENT_DATE)","staying_status IN ('Staying','On-Notice','Exited') AND onboarding_date IS NOT NULL","Day-range segmentation (occupied/vacant), then per-bed aggregate stats","org=organization_id; property=Via bed->apartment->property; tenant/allotment=bed_id (native grain), tenant_id per segment",Not applicable,Not applicable,get_bed_occupancy_timeline does NOT merge overlapping allotments on its own (it takes one bed_id at a time and lists raw segments) -- get_occupancy_intelligence DOES merge (gaps-and-islands). Use the latter for a bed with known overlaps (H.056).,"Full tenant_allotments history for the bed in question, clamped to the query window and apartment availability (start_date/end_date).",C.008,,NOT_DETERMINABLE,No exported output exists for either function at the per-bed grain.,
M.TEN.001,Staying tenants,Operations,"COUNT(*) WHERE staying_status = 'Staying', at either the allotment grain or DISTINCT tenant_id grain.",tenant_allotments,"v_active_tenants (F.022, tenant-grained, combines Staying+On-Notice, not Staying alone)",None required,Not applicable (current-state field),staying_status = 'Staying',COUNT(*) or COUNT(DISTINCT tenant_id),"org=organization_id; property=property_id; tenant/allotment=tenant_id, allotment_id",Not applicable,Not applicable,"H.056's 187 overlapping-allotment pairs mean a bed can show 2 simultaneously-Staying allotments -- confirmed 0 such cases exist for Staying+On-Notice specifically (H.013), but the general overlap phenomenon across all statuses is real and unquantified for Staying-vs-Staying specifically.",tenant_allotments.onboarding_date: 2019-11-03 to 2026-08-31.,,DQ.003,SAFE,"H.013 allotment_status_rollup (validated: OCC.13, exact match, 168).",
M.TEN.002,On-Notice tenants,Operations,COUNT(*) WHERE staying_status = 'On-Notice'.,tenant_allotments,"None isolates this alone (v_occupancy's on_notice column is DEFECTIVE, see M.OCC.005)",None required,Not applicable,staying_status = 'On-Notice',COUNT(*),"org=organization_id; property=property_id; tenant/allotment=tenant_id, allotment_id",Not applicable,Not applicable,H.013 confirms 0 of these 7 allotments' beds also carry a simultaneous Staying allotment.,Same as M.TEN.001.,C.009,DQ.005,SAFE,"H.011/H.013 (validated: OCC.14, exact match, 7; OCC.03/05 confirm the downstream defect).",
M.TEN.003,Booked beds,Operations,COUNT(*) beds WHERE NOT has_staying AND has_booked (per v_occupancy's construction) or COUNT(DISTINCT tenant_id) WHERE staying_status='Booked' (per v_active_tenants).,"beds, tenant_allotments","v_occupancy (F.005, bed-grained), v_active_tenants (F.022, tenant-grained)","get_universal_metrics, get_universal_metrics_v2",Not applicable,staying_status='Booked',COUNT,org=organization_id; property=property_id; tenant/allotment=bed_id or tenant_id depending on definition,Not applicable,Not applicable,Not separately assessed for Booked specifically.,"H.014: 4 Booked allotments, min onboarding 2026-08-01, max 2026-08-16 -- ALL very recent (this status is inherently forward-looking).",,,SAFE,"F.022 v_active_tenants.booked_tenants (validated: OCC.11, exact match, 4); v_occupancy's booked column (validated: OCC construction consistent, 4).",
M.OCC.005,Historical occupancy,Operations,"Same as M.OCC.001 Def E / M.OCC.003-004's day-weighted reconstructions, over an arbitrary [p_from,p_to] window.","tenant_allotments, beds, apartments",None,"get_bed_occupancy_timeline, get_occupancy_intelligence","onboarding_date, actual_exit_date, window-bounded","staying_status IN ('Staying','On-Notice','Exited')","Day-weighted occupied/available ratio, or explicit day-range segments",org=organization_id; property=property_id; tenant/allotment=bed_id,Not applicable,Not applicable,get_occupancy_intelligence merges overlaps (H.056-safe); get_bed_occupancy_timeline does not (per-bed caller responsibility).,"Full history available: 2019-11-03 to 2026-08-31 (tenant_allotments.onboarding_date, the widest span of any domain).",C.006;C.008,DQ.004,SHOW_BOTH,"H.012e (194/203, cross-referenced in OCC printout, not independently re-derived as a day-weighted calc in this pass's scripts -- the bed-set-membership check (Staying+On-Notice+Exited, ALL beds) IS validated via OCC.07/07b as the closest available proxy).",
M.LIFE.001,Tenant lifecycle (staying_status sync),Operations,"tenants.staying_status is DERIVED, not independent: priority order Staying(1) > On-Notice(2) > Booked(3) > else(4), tie-broken by most-recently-created allotment, kept in sync by sync_tenant_staying_status (AFTER INSERT/UPDATE) and sync_tenant_staying_status_on_delete (AFTER DELETE) on tenant_allotments.","tenant_allotments, tenants",None,"sync_tenant_staying_status, sync_tenant_staying_status_on_delete (both bodies fully exported)",created_at (tie-break only),None (the trigger scans ALL of a tenant's allotments),Not an aggregation -- a per-tenant derivation rule,"org=organization_id; property=Not applicable (tenant-level, can span properties); tenant/allotment=tenant_id (native grain)",Not applicable,Not applicable (tenants/tenant_allotments have no is_deleted column),"A tenant with multiple simultaneous allotments (H.056) is tagged by whichever ranks highest in the priority order, which can mask a lower-priority concurrent allotment's status.","Full history, 2019-11 to 2026-08.",,,SAFE,"Not independently re-executed in this pass's scripts (the derivation is a row-level trigger rule, not an aggregate to compare against a view) -- confidence is from reading both full function bodies directly (business_logic.md 10.1).",
M.LIFE.002,Move-ins,Operations,"tenant_allotments WHERE onboarding_date IS NOT NULL, event_date=onboarding_date, event='move_in'.",tenant_allotments,v_tenant_lifecycle_events (F.017),None,onboarding_date,onboarding_date IS NOT NULL,"COUNT(*) or list, groupable by month","org=organization_id; property=property_id; tenant/allotment=tenant_id, allotment_id",Not applicable,Not applicable,"A tenant who moves, then re-onboards elsewhere, contributes 2 move_in rows -- this is a correct representation of 2 real events, not a duplicate.",2019-11-03 to 2026-08-31 (67 months).,,,SAFE,"F.017 v_tenant_lifecycle_events (2204 rows, full population, exact SQL reproduced in business_logic.md 10.2; not independently re-executed as a row-count check in this pass's scripts, but the UNION ALL construction is simple and fully specified from source).",
M.LIFE.003,Move-outs,Operations,"tenant_allotments WHERE actual_exit_date IS NOT NULL, event_date=actual_exit_date, event='move_out'.",tenant_allotments,v_tenant_lifecycle_events (F.017),None,actual_exit_date,actual_exit_date IS NOT NULL,"COUNT(*) or list, groupable by month","org=organization_id; property=property_id; tenant/allotment=tenant_id, allotment_id",Not applicable,Not applicable,Same note as M.LIFE.002.,"tenant_allotments.actual_exit_date: 2022-11-20 to 2026-09-20 (47 months, including a small forward-dated tail).",,,SAFE,Same as M.LIFE.002.,
M.LIFE.004,Exit reconciliation,Operations,"v_exit_reconciliation_worklist: joins tenant_allotments (staying_status='Exited') to v_tenant_current_dues (Def B AR, reversals INCLUDED), plus LATERAL sums of invoices by reference_type/invoice_type, plus the latest deposit_settlements row per allotment.","tenant_allotments, tenants, apartments, beds, properties, invoices, deposit_settlements","v_exit_reconciliation_worklist (F.027, byte-identical duplicate at H.047)",None,actual_exit_date,staying_status='Exited' AND (ar_balance<>0 OR deposit_held+booking_advance>0),Not an aggregation -- a per-allotment worklist (45 rows),"org=organization_id; property=property_id; tenant/allotment=tenant_id, allotment_id (native grain)",dues_now (ar_balance) uses M.AR.001B's convention (reversals INCLUDED) -- NOT the reversal-excluded convention.,eb_already/exit_charge_already exclude soft-deleted invoices (is_deleted=false); deposit settlement lookup excludes soft-deleted settlements.,Not separately assessed for this worklist specifically.,"Bounded to currently-Exited allotments with an outstanding balance -- a live worklist, not a historical time series.",C.001,,SAFE,"F.027 v_exit_reconciliation_worklist (45 rows; not independently re-executed as a full reconstruction in this pass's scripts given its 8-way join complexity, but every one of its component parts -- AR via M.AR.001B, invoice filters, deposit settlement lookup -- IS independently validated elsewhere in this document).",
M.MAINT.001,Maintenance volume,Operations,"COUNT(*) FROM maintenance_tickets, GROUP BY status/month/property.",maintenance_tickets,v_maintenance_metrics (F.015),None,created_at,status IN/NOT IN closed states depending on the question,COUNT(*) per status/month,org=organization_id; property=property_id; tenant/allotment=Not applicable,Not applicable,Not applicable (no is_deleted column on maintenance_tickets),Not applicable to the ticket count itself.,"2025-01-29 to 2026-08-29 (20 months, created_at) -- the SHORTEST domain coverage of any operational area in the package. Do not manufacture a YoY comparison for maintenance.",,DQ.027,SAFE,"M.006 exact row count (1611, live table); H.019's 1613 figure (validated: MAINT.01/MAINT.01b, exact match AND mechanism proven).",MAINT.01b resolves a previously 'not determinable' item from data_quality_report.md DQ.027.
M.MAINT.002,Maintenance cost (2 paths),Operations,"Path A (v_maintenance_metrics): maintenance_tickets LEFT JOIN ticket_resolutions LEFT JOIN expenses ON ticket_resolution_id, dated by ticket created_at month. Path B (v_maintenance_by_issue_type): expenses.issue_type_id direct join to issue_types, requires ticket_resolution_id IS NOT NULL, dated by expense_date.","maintenance_tickets, ticket_resolutions, expenses, issue_types","v_maintenance_metrics (F.015, Path A), v_maintenance_by_issue_type (F.016, Path B)",None,Path A: maintenance_tickets.created_at (ticket creation month). Path B: expenses.expense_date.,"Path A: none beyond the joins (LEFT JOIN, cost=0 if unlinked). Path B: ticket_resolution_id IS NOT NULL.",SUM(expenses.amount) per path,org=organization_id; property=property_id; tenant/allotment=Not applicable,Not applicable,Not applicable,"Path A's join must avoid a NaN-key cartesian explosion when reconstructed naively (tickets without a resolution and expenses without a resolution both carry NULL join keys) -- confirmed and fixed in this pass's validation script; a correct SQL LEFT JOIN would not have this problem (NULL<>NULL in SQL), only a naive pandas merge implementation.",Same 20-month window as M.MAINT.001 for tickets; expenses.expense_date extends back to 2023-03.,C.023,DQ.027;DQ.034,SAFE,"F.015 v_maintenance_metrics (validated: MAINT.02, exact match Rs.28,796.00); F.016 v_maintenance_by_issue_type (validated: MAINT.03/04, exact match, 15 resolved_tickets / Rs.28,796.00); cross-check between paths (validated: MAINT.05, exact match).","Despite conflicts.md's original framing as 'can disagree', this pass PROVES the two paths agree exactly on total cost for this dataset -- an update worth carrying into the semantic layer's confidence rating for this metric."
M.EB.001,EB/electricity usage and cost,Operations,"electricity_readings (units_consumed, unit_cost per apartment/billing_month) and eb_payments (bill_amount per property/bill_date).","electricity_readings, eb_payments, eb_rates, eb_monitoring_readings",None dedicated,"trg_eb_payment_journal_post (posting orchestration, body NOT among the 25 exported)","electricity_readings.billing_month (TEXT, 'Mon-YY' format -- see Known limitations); eb_payments.bill_date (a real DATE column)",None required for a raw sum,"SUM(units_consumed), SUM(bill_amount)",org=organization_id; property=property_id; tenant/allotment=Not applicable at this grain (see M.EB.002 for tenant-level allocation),Not applicable at the source-table level. Ledger side (via owner_payments-style posting) is NOT determinable from exported evidence -- trg_eb_payment_journal_post's body is not among the 25 exported.,Not applicable (no is_deleted column on any EB table).,Not assessed -- no EB duplicate-detection diagnostic was exported.,"electricity_readings: created_at 2026-03-20 to 2026-07-31 (5 months, EXPORT timing, not necessarily billing coverage -- billing_month values span a much wider historical range in 'Mon-YY' text form, e.g. 'May-24'). eb_payments: bill_date 2026-04-29 to 2026-06-27 (ONLY 2 months -- the narrowest coverage of any financial domain in the package). eb_monitoring_readings: a SINGLE DAY snapshot (2026-08-18, all 35 rows).",,DQ.021;DQ.028,DISCLOSE,"Format-mismatch fully re-verified in this pass (validate_eb.py EB.03-07, all exact matches to the 0%/100% pattern); eb_payments 2-month coverage re-verified (EB.08, exact match).",
M.EB.002,EB tenant allocation,Operations,per_day_rate = ROUND(total_apartment_bill / total_tenant_days); tenant_eb_charge = per_day_rate * tenant_stay_days. Formula reverse-engineered from data (NOT from an exported function body -- no allocation function is among the 25 exported).,eb_tenant_shares,None,Not determinable from exported evidence (the writer of this table is not among the 25 exported bodies),"billing_month (TEXT, 'Mon-YY' format -- same DQ.028 defect as M.EB.001)",None required,"Per-row formula, not an aggregation (each row is one tenant's allocated share for one apartment/month)",org=organization_id; property=Via apartment_id; tenant/allotment=tenant_id (native grain),Not applicable,Not applicable,Not assessed.,"created_at 2026-04-07 to 2026-08-08 (5 months, export timing); billing_month text values span a wider historical range.",,DQ.028,DISCLOSE,"Formula verification (validated: EB.01/EB.02, both 801/801 exact matches -- upgraded from business_logic.md's original 5-row spot-check to a full-population proof in this pass).",Full-population formula verification is a genuine strengthening of business_logic.md's original finding.
M.RISK.001,Outstanding dues,Risk/DQ,See M.AR.001A-D.,See M.AR.001A-D,"F.006, F.007",None,See M.AR.001A-D,See M.AR.001A-D,See M.AR.001A-D,org=organization_id; property=See M.AR.003; tenant/allotment=See M.AR.002,See M.AR.001A-D,See M.AR.001A-D,See M.AR.001A-D,See M.AR.001A-D,C.001;C.003;C.005,DQ.002;DQ.019,BLOCK,Same as M.AR.001A-D.,Duplicate of M.AR.001A-D under the brief's Risk/DQ heading -- not re-derived separately.
M.RISK.002,Aging,Risk/DQ,"v_tenant_aging: buckets by CURRENT_DATE - charge_date, on raw journal_lines account 1200 (reversals INCLUDED, same convention as M.AR.001B).","journal_lines, journal_entries, coa_accounts",v_tenant_aging (F.008),None,"CURRENT_DATE - entry_date (bucket boundary), entry_date (charge date itself)",account_code='1200' AND party_kind='tenant',"SUM(net) per bucket per (tenant_id, allotment_id)","org=organization_id; property=Not carried directly; tenant/allotment=tenant_id, allotment_id","INCLUDED (same convention as M.AR.001B, v_tenant_current_dues).",Inherited via reversal mechanism.,Not applied.,"Full ledger AR history, 2019-11 to 2026-09.",C.019,DQ.018;DQ.036,DISCLOSE,"Not independently re-executed in this pass's scripts (a snapshot-dependent calculation cannot be meaningfully re-validated against a frozen export without first fixing the same as-of date the export used, which was not separately recorded per-row in F.008).",Always state the as-of date when reporting an aging bucket.
M.RISK.003,Deposit risk,Risk/DQ,"UNION of v_diag_deposit_phantom (32 rows) and v_deposit_ledger_anomalies (22 rows, 3 anomaly types).","tenant_allotments, deposit_settlements, journal_lines/journal_entries/coa_accounts","v_diag_deposit_phantom (H.045), v_deposit_ledger_anomalies (H.046)","validate_deposit_settlement (write-time constraint, body exported)","Various (settlement_date, actual_exit_date)",See M.RISK.004 and 5.4,COUNT(*) per anomaly type,"org=organization_id; property=Via join; tenant/allotment=tenant_id, allotment_id","Not applicable (source-table anomaly detection, not ledger totals)",NOT is_deleted filters applied throughout,One of the 3 anomaly types IS 'duplicate_open_settlement'.,"Bounded to currently-flagged rows (a live worklist, not a time series).",,DQ.011;DQ.012;DQ.035,DISCLOSE,"H.045 (validated: DEP.06, exact match, 32); H.046 (not independently re-executed as a full 3-way anomaly reconstruction in this pass's scripts, given its complexity -- recorded as a follow-up).",
M.RISK.004,Phantom deposits,Risk/DQ,"tenant_allotments WHERE deposit_paid > 0 AND staying_status IN ('Exited','Cancelled') AND NOT EXISTS(a matching, non-deleted deposit_settlements row).","tenant_allotments, deposit_settlements",v_diag_deposit_phantom (H.045),None,Not applicable (current-state check),"deposit_paid>0 AND staying_status IN ('Exited','Cancelled')","COUNT(*), and SUM(deposit_paid) for the amount at risk","org=organization_id; property=Via join; tenant/allotment=tenant_id, allotment_id",Not applicable,deposit_settlements filtered to NOT is_deleted for the existence check,Not applicable,Current-state check across the full tenant_allotments history.,,DQ.011;DQ.035,DISCLOSE,"H.045 v_diag_deposit_phantom (validated: DEP.06, exact match, 32 allotments); amount at risk (validated: DEP.07, Rs.722,700.00 -- a NEW figure, H.045 does not export a summed amount, computed here for the first time).","Rs.722,700.00 total exposure is a new number, not previously stated in data_quality_report.md."
M.RISK.005,Duplicate invoices,Risk/DQ,"GROUP BY allotment_id, billing_month, invoice_type HAVING COUNT(*) > 1, on live invoices.",invoices,"None (H.055 is an ad-hoc diagnostic, not a stored view)",None (no invoice-side dedup mechanism exists at all),Not applicable to the grouping itself (billing_month is the grouping key),NOT is_deleted,"COUNT(*), SUM(total_amount) per group",org=organization_id; property=Via allotment join; tenant/allotment=allotment_id (grouping key),Not applicable,Live rows only,THIS METRIC IS the duplicate-detection itself.,"Full invoices history, 2023-02 to 2026-09.",C.020,DQ.013,DISCLOSE,"H.055 duplicate_invoices (validated: DQ.013/DQ.013b in validate_data_quality.py, exact match, 322 groups / 356 excess rows -- independently re-derived from raw invoices in this pass, not merely re-read from the diagnostic).",
M.RISK.006,Duplicate receipts,Risk/DQ,"receipts_dedup_audit table: groups by (tenant_id, payment_date, amount_paid, reference_number), duplicate_count 2-6, one-time detection pass (detected_at all = 2026-04-22).","receipts_dedup_audit, receipts",None,Not determinable from exported evidence (no trigger performs this detection; presumably a one-off script or manual query),"detected_at (single value, not a range)",None (the table itself IS the filtered result),"COUNT(*) groups, SUM per group",org=organization_id; property=Not carried; tenant/allotment=tenant_id,Not applicable,"Cross-checked in this pass: of 23 flagged receipt_ids, only 11 still exist in the receipts export (12 were HARD-deleted, not soft-deleted, since detection); NONE of the remaining 11 are soft-deleted -- detection did NOT drive remediation.",THIS METRIC IS the duplicate-detection itself.,"One-time detection snapshot (2026-04-22), not an ongoing feed.",C.018;C.020,DQ.014,DISCLOSE,"Not independently re-executed as a fresh detection pass in this pass's scripts (the 9-group/23-id/11-live cross-check was performed and confirmed during the conflicts.md pass, C.018/C.020, and is carried forward here as an established fact, not re-derived).",
M.RISK.007,Overlapping allotments,Risk/DQ,"For each bed_id, pairwise interval-overlap check on [onboarding_date, COALESCE(actual_exit_date, snapshot_date)].",tenant_allotments,None (H.056 is an ad-hoc diagnostic),"None (no trigger prevents this for tenant_allotments; contrast bed_status_history's validate_bed_status_no_overlap, which is EMPTY, 0 rows, and thus not effectively enforced against tenant_allotments directly)","onboarding_date, actual_exit_date",bed_id IS NOT NULL,COUNT(*) overlapping pairs,org=organization_id; property=Via bed->apartment->property; tenant/allotment=bed_id (grouping key),Not applicable,Not applicable,THIS METRIC IS the overlap-detection itself.,"Full tenant_allotments history, 2019-11 to 2026-08.",,DQ.003,DISCLOSE,"H.056 overlapping_allotments (validated: DQ.003 in validate_data_quality.py, DIFFERS: 214 reconstructed vs 187 reference, ~14% higher, explained by boundary-condition sensitivity, not a data error).",Only metric-reconstruction check in this deliverable with an unresolved (if bounded and explained) count discrepancy against its reference.
M.RISK.008,Ledger/source reconciliation,Risk/DQ,"See M.COL.003 (receipts), M.INV.001's ledger cross-check (invoices), M.DEP.002 (deposit settlements).",See each component metric,v_je_amount_reconciliation logic (H.001),None,See each component metric,See each component metric,See each component metric,org=organization_id; property=See each component; tenant/allotment=See each component,"Sign-inverted netting convention (H.001's own construction, business_logic.md 1.3 definition C) across all three.",Live rows only on the source side throughout.,Not applicable to this umbrella framing.,See each component metric.,C.014;C.015;C.016,DQ.006;DQ.007;DQ.008,DISCLOSE,"All three independently re-derived and exact-matched to H.001 in this pass (COLL.02, and the invoice/deposit equivalents referenced in M.INV.001/M.DEP.002).",
M.RISK.009,Data-quality score / trust status,Risk/DQ,COUNT of metrics in this registry by ai_trust_status.,metric_registry.csv (this deliverable's own output),N/A,N/A,Not applicable,None,COUNT(*) GROUP BY ai_trust_status,org=Not applicable; property=Not applicable; tenant/allotment=Not applicable,Not applicable,Not applicable,Not applicable,Reflects this deliverable's snapshot as of 2026-08-31 (today).,,,SAFE,Self-validating: this document's closing summary counts are derived directly from metric_registry.csv.,See this document's closing 'Report' section for the actual counts.
M.RENT.001,Current rent per bed,Financial,"tenant_allotments.monthly_rental of the live allotment on each bed (staying_status='Staying' AND actual_exit_date IS NULL), one value per bed. Never summed and never averaged into an apartment figure.","tenant_allotments, beds, apartments",v_export_tenant_allotments (pass-through of monthly_rental),get_occupancy_intelligence (bed_rent CTE establishes the per-bed resolution and the monthly basis),onboarding_date (used only to pick the latest allotment on a bed; monthly_rental itself carries no effective date),staying_status='Staying' AND actual_exit_date IS NULL,None -- one recorded value per bed. NEVER SUM or average across beds.,"org=organization_id; property=via apartment; apartment=apartment_id; bed=bed_id (native grain); tenant/allotment=tenant_id, id",Not applicable (not a ledger-derived metric).,Not applicable; Cancelled allotments excluded by the staying_status filter.,"One row per bed. Where a bed carries more than one live allotment the latest onboarding_date wins, matching get_occupancy_intelligence's bed_rent rule. In this export no bed does: 168 current allotments sit on 168 distinct beds.","CURRENT STATE ONLY. monthly_rental carries no effective date and the export has no update tracking (v_export_tenant_allotments emits updated_at as a literal NULL), so a rent in force during a past period is NOT derivable from this evidence.",,,DISCLOSE,"No exported output rows exist for get_occupancy_intelligence, so the figure is reconciled against tenant_allotments directly. The function body confirms the grain and the monthly basis.","Recorded zero rents (2 on current allotments) are kept as recorded. The application's coalesce(monthly_rental, 0) is deliberately NOT copied: it makes a missing rent indistinguishable from a genuine zero, and both exist."
