role_id,display_name,focus,domains,metric_count,conflicted_tiles,capabilities,never_does,shares_semantic_layer,shares_trust_gate
data_analyst,Data Analyst,"Any metric -- raw lookups, filters, groupings.",Financial;Operations;Risk & Data Quality,49,14,kpi_lookup;trend;period_comparison;segmentation;dimensional_analysis;anomaly_surface;data_quality_check;metric_reconciliation;drill_down;root_cause_exploration,"Introduce a metric, dimension, or grouping the semantic layer does not already document.",True,True
business_analyst,Business Analyst,"Cross-cutting synthesis, risk scans, recommendations.",Financial;Operations,40,13,business_performance;operational_efficiency;business_risk_scan;recommendation;cross_domain_synthesis,Blend competing definitions into one business conclusion.,True,True
financial_analyst,Financial Analyst,"Revenue, collections, invoices, AR, deposits, expenses, owner payments, profit, ledger, cash.",Financial,24,8,pnl;revenue_analysis;expense_analysis;collections_analysis;ar_analysis;deposit_analysis;ledger_analysis;cash_movement;owner_payment_analysis;reconciliation;accounting_consistency,"State a single financial truth where the evidence carries competing definitions. Every conflict is preserved, never resolved.",True,True
operations_analyst,Operations Analyst,"Occupancy, tenants, lifecycle, maintenance, EB.",Operations,16,5,occupancy_analysis;bed_utilization;tenant_lifecycle;maintenance_analysis;eb_analysis;operational_utilization,Present a bed/apartment-grain figure the evidence cannot support.,True,True
data_scientist,Data Scientist / Diagnostic Analyst,Trend/anomaly/driver analysis across any domain.,Financial;Operations;Risk & Data Quality,49,14,trend_break;driver_analysis;relationship_analysis;pattern_discovery;statistical_summary,"Apply a statistical method or threshold the specifications do not define. analytics_execution_spec.md 2.5 leaves the anomaly method open, so no anomaly threshold is invented here.",True,True
bi_analyst,BI Analyst,"Cross-domain dashboards, KPI composition.",Financial;Operations;Risk & Data Quality,49,14,kpi_card;trend_view;period_comparison_view;breakdown_view;filter;drilldown;dashboard_narrative;metric_definition_surface;data_quality_indicator,"Emit a KPI card without its trust level, conflicts, and DQ indicators.",True,True
management_reporting_analyst,Management Reporting Analyst,Executive summary assembly across every domain.,Financial;Operations;Risk & Data Quality,49,14,executive_summary;management_briefing;what_changed,Collapse a SHOW_BOTH/BLOCK metric into a single headline KPI for brevity.,True,True
decision_support_analyst,Decision-Support Analyst,Recommendations and pending owner decisions.,Financial;Operations;Risk & Data Quality,49,14,recommendation;attention_required;pending_decision;investigation_priority,Recommend an operational action on a BLOCK metric's disputed figure; the only recommendation available there is to resolve the conflict.,True,True
risk_dq_analyst,Risk / Data-Quality Analyst,"The DQ register, conflicts, and trust posture.",Risk & Data Quality,9,1,dq_scan;conflict_surface;trust_advisory;risk_ranking,"Manufacture urgency for a LOW/INFORMATIONAL finding (ai_agent_roles.md 2, Insight Generator).",True,True
