metric_id,semantic_name,display_name,domain,description,definition,source_objects,source_columns,grain,dimensions,date_field,aggregation,filters,reversal_policy,soft_delete_policy,historical_policy,dependency_metrics,validation_reference,conflict_ids,dq_ids,trust_level,ai_handling,allowed_questions,prohibited_questions,caveat_text,status
M.REV.001,"Revenue (total, ledger-derived)","Revenue (total, ledger-derived)",Financial,"Total income recognised across all INCOME-type ledger accounts (rental, electricity, guest stay, onboarding, late fees, exit charges, other), for whatever date range is queried.","SUM(signed_amount) WHERE account_type='INCOME', reversal-excluded convention (v_account_balances).","journal_lines, journal_entries, coa_accounts; v_pnl (F.001), v_revenue_by_period (F.003)","journal_lines.debit, journal_lines.credit, journal_lines.account_id; journal_entries.entry_date, is_reversal_of; coa_accounts.account_type, normal_balance",org=organization_id (single org in this dataset); property=property_id (v_pnl grain includes property_id; some manual/unlinked postings carry NULL property_id); tenant/allotment=Not applicable at this aggregate level,organization; property; tenant/allotment/bed; time (month); account/COA,journal_entries.entry_date (journal_lines carries this denormalised at export),"SUM(signed_amount), signed_amount = CASE normal_balance WHEN 'CREDIT' THEN credit-debit ELSE debit-credit END",coa_accounts.account_type = 'INCOME',EXCLUDED: WHERE is_reversal_of IS NULL AND NOT EXISTS(reversal-of-this-entry). Proven equivalent in total to the reversal-INCLUDED convention (balances net to zero identically) -- see conflicts.md C.002.,"Not directly filtered here -- a soft-deleted source row's reversal entry is excluded by the same is_reversal_of rule, so its net ledger contribution is already zero.",Ledger (journal_entries.entry_date): 2019-11-03 to 2026-09-20 (54 months with ledger activity; business_logic.md 9). Revenue accounts specifically active across the ledger's full span.,,"F.001 v_pnl.revenue (validated: REV.01, exact match, Rs.72,705,593.43 both sides)",,,SAFE,SAFE,"Direct questions about revenue (total, ledger-derived) (current value, trend, by-period, by-property where grain supports it).",None beyond the metric's own documented scope (see Known limitations).,,ACTIVE
M.REV.002,Revenue by month,Revenue by month,Financial,"Monthly time series of ledger-derived revenue, at (property, month) grain matching v_pnl's own grouping.","GROUP BY organization_id, property_id, date_trunc('month', entry_date) of M.REV.001's reconstruction.","journal_lines, journal_entries, coa_accounts; v_pnl (F.001)","Same as M.REV.001 plus date_trunc('month', entry_date)","org=organization_id; property=property_id -- REQUIRED as part of the grain: a month with both a real-property posting and a NULL-property ('manual') posting produces two separate rows, not one; tenant/allotment=Not applicable",organization; property; tenant/allotment/bed; time (month),"entry_date, truncated to calendar month","SUM(signed_amount) per (property_id, month)",account_type='INCOME',Same as M.REV.001 (excluded convention),Same as M.REV.001,"53 distinct calendar months of INCOME activity within the ledger's 54-month span (one month has expense-only activity, no income).",M.REV.001,"F.001 v_pnl, monthly rows (validated: REV.02, 57 of 57 (property,month) rows match in VALUE exactly; monthly_validation/revenue_by_month.csv). Row-count differs (55 reconstructed vs 57 in the view) only because v_pnl includes 2 EXPENSE-only months with revenue=0 that an income-only reconstruction never creates a row for -- both sides are Rs.0 for those months, confirmed by inspection.",,,SAFE,SAFE,"Direct questions about revenue by month (current value, trend, by-period, by-property where grain supports it).",None beyond the metric's own documented scope (see Known limitations).,,ACTIVE
M.COL.001,Collections (application-level),Collections (application-level),Financial,"Total cash actually collected from tenants via receipts, as recorded by the application.",SUM(receipts.amount_paid) WHERE NOT is_deleted,"receipts; None (no dedicated collections view is exported); get_universal_metrics / get_universal_metrics_v2 compute period-scoped versions of this (bodies exported, no output data)","receipts.amount_paid, receipts.receipt_type, receipts.payment_date, receipts.is_deleted","org=organization_id; property=Not carried on receipts directly -- would require a join through tenant_allotments; tenant/allotment=tenant_id, tenant_allotment_id available for drill-down",organization; property; tenant/allotment/bed; time (month),payment_date,SUM(amount_paid); deposit_collections = SUM(amount_paid) WHERE receipt_type='booking'; totalCollectionsWithoutDeposit = total - deposit_collections,is_deleted = false,"NOT APPLICABLE -- this is a source-table definition, not ledger-derived. See M.COL.003 for the ledger-derived counterpart, which IS reversal-sensitive.","LIVE ROWS ONLY: is_deleted = false. This is the application's own convention, confirmed by get_universal_metrics' own SQL.","2022-11-30 to 2026-08-28 (46 months, receipts.payment_date; business_logic.md 9).",,"No dedicated business view exists to validate the total against; validated instead against H.001's legacy_amount for receipts (COLL.01, exact match Rs.81,855,686.97).",C.014,DQ.006;DQ.014,DISCLOSE,DISCLOSE,"Questions about collections (application-level) may be answered directly, WITH the caveat text attached every time.",Stating collections (application-level) without its caveat text; using it as if it were reconciled against every alternative source.,"DISCLOSE: answer, but state the known limitation. See data_quality_report.md DQ.006;DQ.014. See conflicts.md C.014.",ACTIVE
M.COL.002,Collections by month,Collections by month,Financial,"Monthly time series of M.COL.001, by receipts.payment_date.","GROUP BY date_trunc('month', payment_date) of M.COL.001's reconstruction.",receipts,Same as M.COL.001 plus month,org=organization_id; property=Not carried (see M.COL.001); tenant/allotment=Not applicable at this grain,organization; property; tenant/allotment/bed; time (month),"payment_date, truncated to month",SUM(amount_paid) per month; deposit vs non-deposit split retained,is_deleted=false,Not applicable (source-table definition),Live rows only,46 months (2022-11 to 2026-08).,M.COL.001,"No exported view; recorded as a first computation (monthly_validation/collections_by_month.csv, 46 months).",C.014,DQ.006;DQ.014,DISCLOSE,DISCLOSE,"Questions about collections by month may be answered directly, WITH the caveat text attached every time.",Stating collections by month without its caveat text; using it as if it were reconciled against every alternative source.,"DISCLOSE: answer, but state the known limitation. See data_quality_report.md DQ.006;DQ.014. See conflicts.md C.014.",ACTIVE
M.COL.003,Collections (ledger-derived),Collections (ledger-derived),Financial,"Cash inflow recognised in the ledger against receipts, on the cash/bank accounts.","SUM(debit) WHERE journal_entries.source_table='receipts' AND account_code IN ('1110','1120'), reversal-excluded.","journal_lines, journal_entries, coa_accounts; None dedicated (get_universal_metrics_v2 computes this internally, no exported output); get_universal_metrics_v2 (body exported, logic reproduced here)","journal_lines.debit, account_id; journal_entries.source_table, entry_date, is_reversal_of; coa_accounts.code",org=organization_id; property=Not directly carried on cash-account lines; tenant/allotment=Not applicable at this aggregate,organization; property; tenant/allotment/bed; time (month); account/COA,journal_entries.entry_date,SUM(debit) over reversal-excluded lines -- reversal entries and the forward entries they reverse are both dropped.,"source_table='receipts' AND code IN ('1110','1120')","EXCLUDED -- the v_account_balances convention: reversal entries and the forward entries they reverse are both dropped. This is the convention get_universal_metrics_v2's own v_collections SQL applies (je.is_reversal_of IS NULL AND NOT EXISTS a reversal of je.id). Equivalent to debit-minus-credit netting over the same rows: 112 reversal credits totalling Rs.5,357,078.07 exactly offset the 112 reversed forward debits.",Not directly filtered -- inherited via the reversal mechanism (a soft-deleted receipt's forward entry is offset by its reversal).,Same ledger window as receipts-sourced postings (46 months of receipts activity within the ledger's 2019-2026 span).,M.COL.001,"No same-definition comparable reference is wired, so this metric is UNVERIFIED. COLL.02 (H.001 v_je_amount_reconciliation je_net_amount, Rs.87,196,482.59) is supporting evidence only and is NOT this metric's reference: H.001's own formula, CASE WHEN is_reversal_of IS NULL THEN debit ELSE -debit END, never subtracts anything because reversal lines carry credit and not debit, so it reports gross debit including reversed forwards. COLL.03 is a code-defect proof for DQ.030, also supporting evidence only. Live value of this metric: Rs.81,839,404.52.",C.014,DQ.006;DQ.030,DISCLOSE,DISCLOSE,"Questions about collections (ledger-derived) may be answered directly, WITH the caveat text attached every time.",Stating collections (ledger-derived) without its caveat text; using it as if it were reconciled against every alternative source.,"DISCLOSE: answer, but state the known limitation. See data_quality_report.md DQ.006;DQ.030. See conflicts.md C.014.",ACTIVE
M.INV.001,Invoice billed amount,Invoice billed amount,Financial,"Total amount charged to tenants via invoices (rent, electricity, other charges, late fees), regardless of payment status.",SUM(invoices.total_amount) WHERE NOT is_deleted,"invoices; v_export_invoices (redundant wrapper, not used -- base table exported directly)","invoices.total_amount, rent_amount, electricity_amount, other_charges, late_fee, invoice_type, billing_month, invoice_date, is_deleted","org=organization_id; property=property_id (via tenant_allotments join if needed; invoices itself does not carry property_id directly per its exported columns -- Not determinable whether it does without re-checking M.004); tenant/allotment=tenant_id, allotment_id available directly on invoices",organization; property; tenant/allotment/bed; time (month),"COALESCE(invoice_date, (billing_month||'-01')::date, created_at::date) per get_universal_metrics; invoice_date alone for a simpler reconstruction",SUM(total_amount),is_deleted = false,NOT APPLICABLE -- source-table definition. See conflicts.md C.015 for the ledger-derived counterpart's reversal handling.,"LIVE ROWS ONLY: is_deleted = false, matching get_universal_metrics' own filter.",2023-02-05 to 2026-09-20 (44 months plus a small tail of forward-dated rows to 2026-09-20; business_logic.md 9).,,"No single exported view sums invoices.total_amount alone; cross-checked against H.001's legacy_amount for invoices (Rs.72,405,785.40) and against v_je_amount_reconciliation's ledger-net figure (Rs.74,829,055.40, INVESTIGATE, Rs.2,423,270.00 gap -- DQ.007/C.015).",C.015;C.020,DQ.007;DQ.013,DISCLOSE,DISCLOSE,"Questions about invoice billed amount may be answered directly, WITH the caveat text attached every time.",Stating invoice billed amount without its caveat text; using it as if it were reconciled against every alternative source.,"DISCLOSE: answer, but state the known limitation. See data_quality_report.md DQ.007;DQ.013. See conflicts.md C.015;C.020.",ACTIVE
M.INV.002,Invoice count,Invoice count,Financial,"Number of invoices issued, live and/or by type/status.","COUNT(*) FROM invoices WHERE NOT is_deleted, optionally grouped by invoice_type/status.",invoices,"invoices.id, invoice_type, status, reference_type, is_deleted",org=organization_id; property=Via join if needed; tenant/allotment=Via join if needed,organization; property; tenant/allotment/bed,invoice_date or billing_month depending on the question,COUNT(*),is_deleted = false,Not applicable,Live rows only,Same as M.INV.001 (2023-02 to 2026-09).,,H.035 (invoice_type_status_matrix) provides an independent breakdown by type/status/reference_type; total row count (5214) matches M.006's exact count directly.,,DQ.013,DISCLOSE,DISCLOSE,"Questions about invoice count may be answered directly, WITH the caveat text attached every time.",Stating invoice count without its caveat text; using it as if it were reconciled against every alternative source.,"DISCLOSE: answer, but state the known limitation. See data_quality_report.md DQ.013.",ACTIVE
M.AR.001A,Tenant dues -- Def A: v_outstanding_receivables (reversals excluded),Tenant dues -- Def A: v_outstanding_receivables (reversals excluded),Financial,"Net Accounts-Receivable balance per tenant/allotment, ledger-derived, reversal-excluded convention. Does NOT include deposit or booking-advance balances.","SUM(signed_amount) WHERE account_code='1200' AND party_kind='tenant', GROUP BY tenant_id, allotment_id, from v_account_balances.","journal_lines, journal_entries, coa_accounts; v_outstanding_receivables (F.006)","journal_lines.debit, credit, party_id, allotment_id; journal_entries.entry_date, is_reversal_of; coa_accounts.code","org=organization_id; property=Not carried directly (would need a join through tenant_allotments); tenant/allotment=tenant_id, allotment_id",organization; property; tenant/allotment/bed; account/COA,entry_date (for last_charge_date/last_payment_date only; not a filter on the balance itself),"SUM(signed_amount) per (tenant_id, allotment_id)",account_code='1200' AND party_kind='tenant',EXCLUDED (v_account_balances convention: WHERE is_reversal_of IS NULL AND NOT reversed).,Inherited via reversal exclusion -- a soft-deleted invoice/receipt/adjustment's reversed entries are excluded.,"Ledger span, 2019-11 to 2026-09.",,"F.006 v_outstanding_receivables (validated: AR.01, exact match Rs.83,297.85).",C.001;C.002;C.005,DQ.002;DQ.037,SHOW_BOTH,SHOW_BOTH,"Questions about tenant dues -- def a: v_outstanding_receivables (reversals excluded) may be answered ONLY by presenting all competing definitions side by side, each labelled.",Stating a single tenant dues -- def a: v_outstanding_receivables (reversals excluded) figure without naming which definition it is; averaging or blending competing definitions.,SHOW_BOTH: present every definition with its label; never silently pick one. Multiple valid definitions exist for this metric. See conflicts.md C.001;C.002;C.005 for the full comparison.,ACTIVE
M.AR.001B,Tenant dues -- Def B: v_tenant_current_dues (reversals included),Tenant dues -- Def B: v_tenant_current_dues (reversals included),Financial,"Net AR balance PLUS deposit_held PLUS booking_advance per tenant/allotment, ledger-derived, reversal-included convention.","Per-account SUM(debit-credit or credit-debit) for accounts 1200/2100/2400, GROUP BY tenant_id, allotment_id, from raw journal_lines (no reversal filter).","journal_lines, journal_entries, coa_accounts; v_tenant_current_dues (F.007)","journal_lines.debit, credit, party_id, allotment_id; coa_accounts.code IN ('1200','2100','2400')","org=organization_id; property=Not carried directly; tenant/allotment=tenant_id, allotment_id",organization; property; tenant/allotment/bed; account/COA,"entry_date (for last_charge_date/last_payment_date, charge_count/payment_count)","SUM per (tenant_id, allotment_id); ar_balance = net_dues (account 1200 only); deposit_held (2100); booking_advance (2400)","party_kind='tenant' AND code IN ('1200','2100','2400')",INCLUDED -- no is_reversal_of filter. charge_count/payment_count DO double-count a reversed-and-reposted charge (row counts are NOT reversal-neutral even though dollar totals are).,No explicit filter -- relies on the reversal mechanism to net out soft-deleted sources.,"Ledger span, 2019-11 to 2026-09.",,"F.007 v_tenant_current_dues (validated: AR.02, exact match Rs.83,297.85; AR.03 proves A==B for the total).",C.001;C.002;C.005,DQ.002;DQ.037,SHOW_BOTH,SHOW_BOTH,"Questions about tenant dues -- def b: v_tenant_current_dues (reversals included) may be answered ONLY by presenting all competing definitions side by side, each labelled.",Stating a single tenant dues -- def b: v_tenant_current_dues (reversals included) figure without naming which definition it is; averaging or blending competing definitions.,SHOW_BOTH: present every definition with its label; never silently pick one. Multiple valid definitions exist for this metric. See conflicts.md C.001;C.002;C.005 for the full comparison.,ACTIVE
M.AR.001C,Tenant dues -- Def C: application tenant_allotments.balance_due,Tenant dues -- Def C: application tenant_allotments.balance_due,Financial,Application-maintained balance-due field stored directly on the allotment row.,"tenant_allotments.balance_due, as stored (no reconstruction logic -- it is itself the source).",tenant_allotments,tenant_allotments.balance_due,"org=organization_id; property=property_id (carried directly on tenant_allotments); tenant/allotment=tenant_id, allotment_id (this IS the grain)",organization; property; tenant/allotment/bed,"Not applicable (a current-value column, not an event)","SUM(balance_due) for a portfolio total, or read per-row for one allotment",None (or staying_status filter if scoping to current tenants),NOT APPLICABLE -- not ledger-derived at all.,Not applicable (tenant_allotments has no is_deleted column in its exported columns),Reflects whatever was last written to this column -- not a time series.,,"No exported view/diagnostic pre-sums this column; summed directly in this pass (validate_receivables.py: Rs.1,009,125.78 over 97 allotments >0).",C.001;C.005,DQ.002;DQ.037,BLOCK,BLOCK,"Only meta-questions (""why can't you tell me tenant dues -- def c: application tenant_allotments.balance_due"", ""what are the competing definitions"") -- never a single-number answer.","Any direct ""the tenant dues -- def c: application tenant_allotments.balance_due is X"" answer; picking the definition that looks most favourable; silently defaulting to one definition.",BLOCKED: do not state a single number for this metric. Conflicting definitions exist (see conflicts.md C.001;C.005). See data_quality_report.md DQ.002.,ACTIVE_BLOCKED
M.AR.001D,Tenant dues -- Def D: tenant_transactions (frozen legacy ledger),Tenant dues -- Def D: tenant_transactions (frozen legacy ledger),Financial,"Balance computed from the separate, frozen tenant_transactions table -- NOT wired to any live posting trigger.","SUM(amount WHERE direction='DEBIT') - SUM(amount WHERE direction='CREDIT') per allotment, filtered to ledger_type IN ('CHARGE','PAYMENT'). TWO sub-variants exist: unclipped (can net negative across the total) and GREATEST(...,0)-floored per allotment.","tenant_transactions; None (tenant_transactions is a raw table, not a view)","tenant_transactions.amount, direction, ledger_type, allotment_id, date","org=organization_id; property=Not carried directly on tenant_transactions; tenant/allotment=tenant_id, allotment_id",organization; property; tenant/allotment/bed,"date (NOTE: 1 row has a corrupt year, '0206-03-27' -- DQ.023)","SUM(signed amount) per allotment_id, unclipped OR floored at 0 (two sub-definitions)","ledger_type IN ('CHARGE','PAYMENT')",NOT APPLICABLE -- this table has no relationship to journal_entries/is_reversal_of at all.,"Not applicable (no is_deleted column; the table is a frozen, one-time bulk load).","date column spans 2019-11-03 to 2026-05-05 nominally, but ALL 16,451 rows were created_at between 2026-04-17 and 2026-04-28 -- an 11-day migration/backfill window, not a live feed. FROZEN since that load (DQ.019).",,"H.052 (T164500.151) def2_tenant_transactions column (validated: AR.04a, exact match Rs.9,968,023.32, proving the unclipped-sum mechanism). The floored variant (AR.04b) has no exported reference to compare against (NOT_DETERMINABLE).",C.001;C.003;C.005,DQ.002;DQ.019;DQ.023;DQ.037,BLOCK,BLOCK,"Only meta-questions (""why can't you tell me tenant dues -- def d: tenant_transactions (frozen legacy ledger)"", ""what are the competing definitions"") -- never a single-number answer.","Any direct ""the tenant dues -- def d: tenant_transactions (frozen legacy ledger) is X"" answer; picking the definition that looks most favourable; silently defaulting to one definition.",BLOCKED: do not state a single number for this metric. Conflicting definitions exist (see conflicts.md C.001;C.003;C.005). See data_quality_report.md DQ.002;DQ.019;DQ.023.,ACTIVE_BLOCKED
M.AR.002,Tenant dues by tenant,Tenant dues by tenant,Financial,Drill-down of M.AR.001A-D to a single tenant/allotment.,"Same four definitions as M.AR.001A-D, filtered to WHERE tenant_id = <x> (or allotment_id = <x>).","Same as M.AR.001A-D; F.006, F.007",Same as M.AR.001A-D,"org=organization_id; property=Via tenant_allotments.property_id; tenant/allotment=tenant_id, allotment_id (native grain)",organization; property; tenant/allotment/bed,Same as M.AR.001A-D,"Same, at tenant/allotment grain (this IS the natural grain of all four definitions)",+ tenant_id or allotment_id filter,Same four-way treatment as M.AR.001A-D,Same as M.AR.001A-D,Same as M.AR.001A-D,M.AR.001A;M.AR.001B;M.AR.001C;M.AR.001D,Same underlying validation as M.AR.001A-D (AR.01-AR.04c).,C.001;C.003;C.005,DQ.002;DQ.019,SHOW_BOTH,SHOW_BOTH,"Questions about tenant dues by tenant may be answered ONLY by presenting all competing definitions side by side, each labelled.",Stating a single tenant dues by tenant figure without naming which definition it is; averaging or blending competing definitions.,SHOW_BOTH: present every definition with its label; never silently pick one. Multiple valid definitions exist for this metric. See conflicts.md C.001;C.003;C.005 for the full comparison.,ACTIVE
M.AR.003,Tenant dues by property,Tenant dues by property,Financial,"M.AR.001A/B aggregated by property (requires joining tenant_allotments.property_id, since the AR views themselves do not carry property_id).","Same as M.AR.001A/B, joined to tenant_allotments on allotment_id to bring in property_id, then GROUP BY property_id.","journal_lines, journal_entries, coa_accounts, tenant_allotments; F.006, F.007",+ tenant_allotments.property_id,"org=organization_id; property=property_id (via join, not native to the AR views); tenant/allotment=Aggregated away",organization; property; tenant/allotment/bed,Same as M.AR.001A/B,SUM per property_id,Same as M.AR.001A/B,"Same as M.AR.001A/B (both conventions, total proven identical)",Same as M.AR.001A/B,Same as M.AR.001A/B,M.AR.001A;M.AR.001B,Not separately validated (degenerate single-property case); underlying totals validated via AR.01/AR.02.,C.001;C.002,DQ.002,SHOW_BOTH,SHOW_BOTH,"Questions about tenant dues by property may be answered ONLY by presenting all competing definitions side by side, each labelled.",Stating a single tenant dues by property figure without naming which definition it is; averaging or blending competing definitions.,SHOW_BOTH: present every definition with its label; never silently pick one. Multiple valid definitions exist for this metric. See conflicts.md C.001;C.002 for the full comparison.,ACTIVE
M.DEP.001,Deposit held,Deposit held,Financial,"Total tenant security deposits currently held (liability), account 2100.","SUM(credit-debit) WHERE account_code='2100' AND party_kind='tenant', reversal-excluded.","journal_lines, journal_entries, coa_accounts; v_advance_balances (F.010)","journal_lines.debit, credit, party_id, allotment_id; coa_accounts.code='2100'","org=organization_id; property=Not carried directly; tenant/allotment=tenant_id, allotment_id",organization; property; tenant/allotment/bed; account/COA,entry_date (not a filter for the current balance),"SUM(credit-debit) per tenant/allotment, or grand total",account_code='2100' AND party_kind='tenant',EXCLUDED (v_account_balances convention).,Inherited via reversal exclusion.,"Ledger span for account 2100 activity, within 2019-11 to 2026-09; deposit_settlements table itself spans 2023-04 to 2026-09.",,"F.010 v_advance_balances.deposit_held (validated: DEP.01, exact match Rs.4,221,150.00).",,DQ.011;DQ.012;DQ.035,SAFE,SAFE,"Direct questions about deposit held (current value, trend, by-period, by-property where grain supports it).",None beyond the metric's own documented scope (see Known limitations).,,ACTIVE
M.DEP.002,Deposit settlements,Deposit settlements,Financial,"Deposit settlement transactions: deductions (rent, EB, late fees, damages, other) and refund_amount, for allotments that have exited.","deposit_settlements table, live rows (NOT is_deleted), with status IN ('completed','approved') as the ledger-posting gate.",deposit_settlements; v_export_deposit_settlements (redundant wrapper); trg_settlement_journal_post (posting gate/orchestration; build_settlement_lines composition not exported),"deposit_amount, pending_rent, pending_eb, pending_late_fees, damages, other_deductions, total_deductions, refund_amount, status, settlement_date, is_deleted","org=organization_id; property=Via tenant_allotments join; tenant/allotment=tenant_id, allotment_id",organization; property; tenant/allotment/bed; time (month),settlement_date,"SUM(refund_amount), SUM(total_deductions), COUNT(*) by status","NOT is_deleted; status IN ('completed','approved') for 'what actually posted to the ledger'","Ledger-side posting (via M.DEP.002's journal effect, not the source table itself) follows the standard reverse-and-repost mechanism on status transitions and amount edits (business_logic.md 5.1).","LIVE ROWS ONLY: is_deleted=false for the source total. Ledger side: hard-delete triggers a generic cascade-delete of the JE (business_logic.md 1.4), not a reversal.","2023-04-03 to 2026-09-20 (35 months, settlement_date).",,"H.001 legacy_amount for deposit_settlements (validated: DEP.03, exact match Rs.5,085,959.33); ledger net (validated: DEP.04, exact match Rs.5,669,454.67, reproducing the Rs.583,495.34 gap exactly); entry_count=3 cluster size (validated: DEP.05, 38 vs H.050's 37).",C.016,DQ.008;DQ.012,DISCLOSE,DISCLOSE,"Questions about deposit settlements may be answered directly, WITH the caveat text attached every time.",Stating deposit settlements without its caveat text; using it as if it were reconciled against every alternative source.,"DISCLOSE: answer, but state the known limitation. See data_quality_report.md DQ.008;DQ.012. See conflicts.md C.016.",ACTIVE
M.DEP.003,Deposit refunds,Deposit refunds,Financial,Total cash refunded to tenants upon deposit settlement.,"SUM(deposit_settlements.refund_amount) WHERE NOT is_deleted (source) OR SUM(ledger credit on 11xx accounts, source_table='deposit_settlements') (ledger).",deposit_settlements; journal_lines/journal_entries/coa_accounts for the ledger side; trg_settlement_journal_post,"deposit_settlements.refund_amount, is_deleted, settlement_date","org=organization_id; property=Via join; tenant/allotment=tenant_id, allotment_id",organization; property; tenant/allotment/bed; account/COA,settlement_date,SUM(refund_amount),NOT is_deleted,Source total: not applicable. Ledger total: reversal-included via sign-inversion netting (same construction as M.COL.003).,Live rows only (source); reversal-based on the ledger side.,Same as M.DEP.002 (2023-04 to 2026-09).,M.DEP.002,Identical figures to M.DEP.002's DEP.03/DEP.04 (refund_amount IS the field being reconciled there).,C.016,DQ.008,DISCLOSE,DISCLOSE,"Questions about deposit refunds may be answered directly, WITH the caveat text attached every time.",Stating deposit refunds without its caveat text; using it as if it were reconciled against every alternative source.,"DISCLOSE: answer, but state the known limitation. See data_quality_report.md DQ.008. See conflicts.md C.016.",ACTIVE
M.EXP.001,"Expenses (total, ledger-derived)","Expenses (total, ledger-derived)",Financial,Total operating expense recognised across all EXPENSE-type ledger accounts (5xxx).,"SUM(signed_amount) WHERE account_type='EXPENSE', reversal-excluded.","journal_lines, journal_entries, coa_accounts; v_pnl (F.001)","Same construction as M.REV.001, account_type='EXPENSE'",org=organization_id; property=property_id (v_pnl grain); tenant/allotment=Not applicable,organization; property; tenant/allotment/bed; time (month); account/COA,entry_date,SUM(signed_amount),account_type='EXPENSE',EXCLUDED (v_account_balances convention).,Inherited via reversal exclusion.,"2023-03-11 to 2026-08-24 (35 months, expenses.expense_date) within the ledger's fuller 2019-2026 span (other expense sources, e.g. owner_payments, extend further back).",,"F.001 v_pnl.expenses (validated: EXP.01, exact match Rs.20,784,831.96; monthly series in EXP.07, 0 mismatches).",,DQ.033,SAFE,SAFE,"Direct questions about expenses (total, ledger-derived) (current value, trend, by-period, by-property where grain supports it).",None beyond the metric's own documented scope (see Known limitations).,,ACTIVE
M.EXP.002,Expenses by category,Expenses by category,Financial,"Expense total broken down into named categories (owner_rent, maintenance, housekeeping, utilities, property_ops, administrative, salaries, marketing, other_expenses, electricity).","v_pnl_by_category's 9 hand-written account_code LIKE-pattern buckets, PLUS a required 10th 'electricity' bucket (account 5150, '515%' pattern) that the 9 named buckets do NOT capture.","journal_lines, journal_entries, coa_accounts; v_pnl_by_category (F.002); v_expense_composition (F.019, uses a DIFFERENT COA-parent-based rollup, not pattern-based)","coa_accounts.code (pattern-matched: '510%' owner_rent, '52%' maintenance, '53%' housekeeping, '54%' utilities, '55%' property_ops, '56%' administrative, '57%' salaries, '58%' marketing, '59%' other_expenses, '515%' electricity)",org=organization_id; property=property_id; tenant/allotment=Not applicable,organization; property; tenant/allotment/bed; time (month); account/COA,entry_date,SUM(signed_amount) per bucket,account_type='EXPENSE',"EXCLUDED (v_account_balances convention, same as M.EXP.001).",Same as M.EXP.001,Same ledger span as M.EXP.001 (57 months with EXPENSE activity).,,"F.002 v_pnl_by_category (validated: EXP.02 sum_of_buckets exact match Rs.19,754,213.96; EXP.03 electricity exact match Rs.1,030,618.00; EXP.04 proves the unbucketed==electricity identity exactly; EXP.05/EXP.06 cross-checked against H.017's 57-month totals, exact match).",C.012;C.013;C.022,DQ.015;DQ.033;DQ.034,DISCLOSE,DISCLOSE,"Questions about expenses by category may be answered directly, WITH the caveat text attached every time.",Stating expenses by category without its caveat text; using it as if it were reconciled against every alternative source.,"DISCLOSE: answer, but state the known limitation. See data_quality_report.md DQ.015. See conflicts.md C.012;C.013;C.022.",ACTIVE
M.OWN.001,Owner payments (source total),Owner payments (source total),Financial,Total rent/revenue-share paid or accrued to property owners.,"SUM(COALESCE(escalated_amount, base_amount)) FROM owner_payments, status IN ('paid','pending') for the period-relevant subset, or all rows for an all-time total.",owner_payments; trg_owner_payment_journal_post (posting orchestration ONLY -- body NOT among the 25 exported; exact account/amount composition Not determinable from exported evidence),"owner_payments.escalated_amount, base_amount, status, bill_date, paid_date, due_date, payment_month",org=organization_id; property=Via owner_contracts/apartment_id join; tenant/allotment=Not applicable,organization; property; tenant/allotment/bed; time (month),"bill_date (ledger-posting basis, per normalize_owner_payment_journal_dates) OR COALESCE(paid_date,due_date) (v_diag_owner_rent_missing_from_profit's basis) -- THESE TWO BASES DISAGREE at the monthly grain on 7 of 54 months even though they agree exactly on the all-time total (DQ.017).",SUM(escalated_or_base),"status IN ('paid','pending') to match v_diag_owner_rent_missing_from_profit's convention; or none for a raw total","Not applicable at the source level. Ledger side: PROVEN PERFECT match to source (H.001, 0.00 diff) -- the only one of the 6 source-vs-ledger reconciliations in H.001 with zero drift.","owner_payments has NO is_deleted column in its exported schema -- all rows are 'live' by construction; deletion is hard-delete only (cascade-deletes the JE, business_logic.md 1.4/9.1).","2022-11-01 to 2026-08-01 (46 months, bill_date).",,"H.001 legacy_amount/je_net_amount for owner_payments (validated: OWNPAY.01/OWNPAY.02, both exact matches, Rs.19,019,250.00).",,DQ.017;DQ.020,SAFE,SAFE,"Direct questions about owner payments (source total) (current value, trend, by-period, by-property where grain supports it).",None beyond the metric's own documented scope (see Known limitations).,,ACTIVE
M.OWN.002,"Owner rent (ledger bucket, 3 definitions)","Owner rent (ledger bucket, 3 definitions)",Financial,"How much of total expenses is 'owner rent', as it participates in profit -- THREE definitions coexist.","Def i (v1, EXCLUDES entirely): get_universal_metrics v1's totalProfit has NO owner_payments term at all. Def ii (ledger raw): v_pnl_by_category's owner_rent bucket ('510%' pattern), whatever is actually posted. Def iii (v2, SUBSTITUTED): get_universal_metrics_v2 explicitly discards the ledger's '510%' bucket for the period and replaces it with SUM(owner_payments.escalated_amount) filtered on bill_date.","journal_lines, journal_entries, coa_accounts, owner_payments; v_pnl_by_category (F.002, Def ii); v_diag_owner_rent_missing_from_profit (F.028, documents Def i's gap in its own text); get_universal_metrics (Def i), get_universal_metrics_v2 (Def iii) -- both bodies fully exported","coa_accounts.code LIKE '510%' (Def ii); owner_payments.escalated_amount, bill_date (Def iii)",org=organization_id; property=property_id (Def ii only); tenant/allotment=Not applicable,organization; property; tenant/allotment/bed; time (month),entry_date (Def ii); bill_date (Def iii),SUM per definition,account_type='EXPENSE' AND code LIKE '510%' (Def ii); bill_date BETWEEN period (Def iii),"Def ii: EXCLUDED (v_account_balances convention). Def i/iii: not ledger-derived at the owner-rent-specific level (Def iii sources raw owner_payments, no reversal concept).",Def ii inherited via reversal exclusion; Def iii: owner_payments has no is_deleted column.,"All-time total PROVEN IDENTICAL across Def ii and Def iii's underlying source (Rs.19,019,250.00, both H.030 and H.001). Monthly grain: 7 of 54 months differ (DQ.017) due to the bill_date-vs-paid_date/due_date basis mismatch between v_diag_owner_rent_missing_from_profit and the other two.",M.OWN.001;M.EXP.002,"H.030 pnl_owner_rent (validated: PROFIT.04, exact match Rs.19,019,250.00); F.028 owner_rent_paid_or_accrued (validated: PROFIT.03, exact match).",C.010;C.011,DQ.016;DQ.017;DQ.020,SHOW_BOTH,SHOW_BOTH,"Questions about owner rent (ledger bucket, 3 definitions) may be answered ONLY by presenting all competing definitions side by side, each labelled.","Stating a single owner rent (ledger bucket, 3 definitions) figure without naming which definition it is; averaging or blending competing definitions.",SHOW_BOTH: present every definition with its label; never silently pick one. Multiple valid definitions exist for this metric. See conflicts.md C.010;C.011 for the full comparison.,ACTIVE
M.PROFIT.001,Gross/net profit (3 definitions),Gross/net profit (3 definitions),Financial,Overall business profitability -- THREE definitions coexist and are NOT interchangeable.,"Def A (ledger, v_pnl): revenue - expenses, both ledger-derived, whatever owner-rent amount the ledger happens to hold. Def B (get_universal_metrics v1): SUM(invoices.total_amount) - SUM(expenses.amount), ALL-TIME/period-scoped from application tables, NO owner_payments term. Def C (get_universal_metrics v2, owner-rent-inclusive): ledger revenue - (ledger expenses with the owner_rent bucket explicitly replaced by SUM(owner_payments.escalated_amount) for the period).","Def A: journal_lines/journal_entries/coa_accounts. Def B: invoices, expenses. Def C: journal_lines/journal_entries/coa_accounts + owner_payments.; v_pnl (F.001, Def A only); get_universal_metrics (Def B), get_universal_metrics_v2 (Def C) -- both bodies fully exported","See M.REV.001/M.EXP.001 (Def A); invoices.total_amount, expenses.amount (Def B); + owner_payments.escalated_amount, bill_date (Def C)",org=organization_id; property=property_id (Def A/C); not natively carried in a simple Def B reconstruction; tenant/allotment=Not applicable,organization; property; tenant/allotment/bed; time (month),"entry_date (Def A/C); COALESCE(billing_month,invoice_date,created_at) (Def B, invoices) / expense_date (Def B, expenses)","revenue - expenses, per definition","account_type IN ('INCOME','EXPENSE') (Def A); is_deleted=false on invoices (Def B)",Def A/C: EXCLUDED (v_account_balances convention). Def B: NOT APPLICABLE -- never touches journal_entries at all; an invoice's ledger reversal has zero effect on Def B.,Def A/C: inherited via reversal exclusion. Def B: is_deleted=false on invoices; expenses has no is_deleted column (all rows live).,"All-time reconstruction spans the ledger's 2019-2026 window (Def A/C) or invoices/expenses' narrower 2023-2026 windows (Def B) -- Def B is NOT bounded by ledger availability and can include invoices dated beyond the ledger's last posted month (a Rs.749,371.40 / 1.06% gap was found between this pass's all-time Def-B reconstruction and H.030's ledger-bounded 54-month figure -- a scope difference, not a new defect).",M.REV.001;M.EXP.001;M.OWN.001;M.OWN.002;M.INV.001,"F.001 v_pnl.net_profit (validated: PROFIT.01, exact match Rs.51,920,761.47, Def A); H.030's profit_if_owner_rent_excluded (validated: PROFIT.05, exact match Rs.70,940,012 vs this pass's own Def-B reconstruction of Rs.71,689,383.40 -- 1.06% apart, explained by scope per above); overstatement percentage (validated: PROFIT.06, 36.63% reconstructed vs 36.6% in conflicts.md C.011, exact match).",C.010;C.011,DQ.016;DQ.017,BLOCK,BLOCK,"Only meta-questions (""why can't you tell me gross/net profit (3 definitions)"", ""what are the competing definitions"") -- never a single-number answer.","Any direct ""the gross/net profit (3 definitions) is X"" answer; picking the definition that looks most favourable; silently defaulting to one definition.",BLOCKED: do not state a single number for this metric. Conflicting definitions exist (see conflicts.md C.010;C.011). See data_quality_report.md DQ.016;DQ.017.,ACTIVE_BLOCKED
M.PNL.001,P&L by month,P&L by month,Financial,"Monthly revenue, expenses, and net_profit time series, ledger-derived.","M.REV.002 and M.EXP.001's monthly reconstruction, joined at (property_id, month) grain, net_profit = revenue - expenses.","journal_lines, journal_entries, coa_accounts; v_pnl (F.001)",Union of M.REV.002 and M.EXP.001's columns,"org=organization_id; property=property_id (required grain component, see M.REV.002); tenant/allotment=Not applicable",organization; property; tenant/allotment/bed; time (month),"entry_date, truncated to month","SUM(signed_amount) per (property_id, month), split by account_type, net_profit = revenue-expenses","account_type IN ('INCOME','EXPENSE')",EXCLUDED (v_account_balances convention).,Inherited via reversal exclusion.,"57 (property,month) rows / 53 distinct calendar months with INCOME activity; 57 distinct months with EXPENSE activity, spanning the ledger's 2019-11 to 2026-09 window (activity is NOT uniform across that full span -- see business_logic.md 9 for the actual per-domain coverage).",M.REV.002;M.EXP.001,"F.001 v_pnl, monthly rows (validated: REV.02/EXP.07 for the two halves; 0 VALUE mismatches across all 57 overlapping rows; monthly_validation/revenue_by_month.csv and expenses_by_month.csv).",C.012;C.013,DQ.015;DQ.033,SAFE,SAFE,"Direct questions about p&l by month (current value, trend, by-period, by-property where grain supports it).",None beyond the metric's own documented scope (see Known limitations).,,ACTIVE
M.CASH.001,Cash balance,Cash balance,Financial,Current cash-on-hand + bank balance.,"SUM(signed_amount) WHERE account_code IN ('1110','1120'), reversal-excluded, all-time (a running balance, not period-scoped).","journal_lines, journal_entries, coa_accounts; v_org_cash_balance (F.011)","Same construction as M.REV.001, filtered to codes 1110/1120",org=organization_id; property=Not carried on cash-account lines; tenant/allotment=Not applicable,organization; property; tenant/allotment/bed; account/COA,entry_date (not a filter for the current balance -- this is a running total),"SUM(signed_amount), all postings to date","code IN ('1110','1120')",EXCLUDED (v_account_balances convention).,Inherited via reversal exclusion.,"Full ledger span (2019-11 to 2026-09) -- this is a cumulative balance, not a period figure.",,"F.011 v_org_cash_balance (not independently re-validated in this pass's scripts -- same construction pattern as M.DEP.001, which IS validated exactly; recommend adding to a future validation pass).",,,SAFE,SAFE,"Direct questions about cash balance (current value, trend, by-period, by-property where grain supports it).",None beyond the metric's own documented scope (see Known limitations).,,ACTIVE
M.TB.001,Trial balance / accounting checks,Trial balance / accounting checks,Financial,"Per-account debit/credit totals and balance, the fundamental accounting-integrity check (total debits = total credits across the whole ledger).","TWO views exist: v_trial_balance (reversal-excluded, only accounts with activity) and v_trial_balance_detailed (reversal-included via raw journal_lines, ALL 57 COA accounts including zero-activity ones via LEFT JOIN).","journal_lines, journal_entries, coa_accounts; v_trial_balance (F.012), v_trial_balance_detailed (F.013), v_account_rollup (F.014, adds parent/child COA rollup)","journal_lines.debit, credit, account_id; coa_accounts.code, name, account_type, normal_balance, parent_id",org=organization_id; property=Not applicable at account grain; tenant/allotment=Not applicable,organization; tenant/allotment/bed; account/COA,Not applicable (all-time balance),"SUM(debit), SUM(credit), balance = debit-credit or credit-debit per normal_balance",None (all accounts) or is_reversal_of IS NULL AND not-reversed (F.012's convention),"BOTH conventions exist side by side and are BOTH exact -- F.012 (24 accounts with activity, reversal-excluded) and F.013 (57 accounts, all of COA, reversal-included) were independently reconstructed and BOTH matched their respective exported views exactly in this pass.",F.012 inherits reversal-based netting; F.013 does not filter at all (raw journal_lines).,"Full ledger span, 2019-11 to 2026-09.",,"F.012 v_trial_balance (validated: LEDGER.04, exact match, 24/24 accounts, 0 mismatches); F.013 v_trial_balance_detailed (validated: LEDGER.07, exact total_debit match Rs.217,212,447.24); H.007's 10-account reversal-effect set (validated: LEDGER.08, exact match).",C.002,,SAFE,SAFE,"Direct questions about trial balance / accounting checks (current value, trend, by-period, by-property where grain supports it).",None beyond the metric's own documented scope (see Known limitations).,,ACTIVE
M.OCC.001,Current occupancy (5+ definitions),Current occupancy (5+ definitions),Operations,"What fraction of beds are occupied right now -- FIVE-PLUS structurally different, non-interchangeable definitions coexist. The AI must state which one it is using.","Def A (v_occupancy): Live bed+apt, Staying only = 168/195 = 86.15%. Def B: Live bed+apt, Staying+On-Notice = 175/195 = 89.74%. Def C: ALL beds (no Live filter), Staying+On-Notice = 175/203 = 86.21%. Def D (get_universal_metrics v1): bed.status=Live only (no apartment filter), Staying = 168/195. Def E (get_bed_occupancy_timeline): Staying+On-Notice+Exited, historical, ALL beds = 194/203 = 95.57% (lifetime, not a snapshot). get_universal_metrics_v2 computes occupancyPct = (occupied+notice)/total, matching Def B's numerator basis, PLUS a 6th metric, monthOccupancyPct (day-weighted, current calendar month only).","beds, apartments, tenant_allotments; v_occupancy (F.005), v_active_tenants (F.022, tenant-grained, see M.OCC.002); get_universal_metrics (Def D), get_universal_metrics_v2 (Def B basis + monthOccupancyPct), get_bed_occupancy_timeline (Def E), get_occupancy_intelligence (day-weighted historical, 7th metric family, no exported output)","beds.status, apartment_id; apartments.status; tenant_allotments.staying_status, bed_id, onboarding_date, actual_exit_date","org=organization_id; property=property_id; tenant/allotment=bed_id (beds are the natural grain, not tenants, for Def A-D)",organization; property; tenant/allotment/bed; time (month),Not applicable for snapshot definitions (A-D); onboarding_date/actual_exit_date for Def E,COUNT(*) FILTER (...) per definition,beds.status='Live' (+ apartments.status='Live' for A/B); staying_status IN (varies by definition),Not applicable (no ledger involvement).,Not applicable (beds/apartments/tenant_allotments have no is_deleted column in their exported schema; status fields serve this role instead).,tenant_allotments.onboarding_date: 2019-11-03 to 2026-08-31 (67 months) -- the widest historical span of any domain in the package.,,"F.005 v_occupancy (validated: OCC.01-05, all exact matches, including the reproduced defect); H.012a-e (validated: OCC.06-08b, all exact matches); F.022 v_active_tenants (validated: OCC.10-12, all exact matches).",C.006;C.007;C.008;C.009,DQ.004;DQ.005,SHOW_BOTH,SHOW_BOTH,"Questions about current occupancy (5+ definitions) may be answered ONLY by presenting all competing definitions side by side, each labelled.",Stating a single current occupancy (5+ definitions) figure without naming which definition it is; averaging or blending competing definitions.,SHOW_BOTH: present every definition with its label; never silently pick one. Multiple valid definitions exist for this metric. See conflicts.md C.006;C.007;C.008;C.009 for the full comparison.,ACTIVE
M.OCC.002,Occupancy by property,Occupancy by property,Operations,"Any of M.OCC.001's definitions, grouped by property_id.","Same 5+ definitions as M.OCC.001, GROUP BY property_id.","Same as M.OCC.001; v_occupancy (F.005) is already grouped by (organization_id, property_id); Same as M.OCC.001",+ apartments.property_id (via beds.apartment_id),org=organization_id; property=property_id (native grain); tenant/allotment=Aggregated away,organization; property; tenant/allotment/bed,Same as M.OCC.001,"Same, per property_id",Same as M.OCC.001,Not applicable,Not applicable,Same as M.OCC.001,M.OCC.001,Identical to M.OCC.001 (single-property dataset).,C.006;C.007;C.008;C.009,DQ.004;DQ.005,SHOW_BOTH,SHOW_BOTH,"Questions about occupancy by property may be answered ONLY by presenting all competing definitions side by side, each labelled.",Stating a single occupancy by property figure without naming which definition it is; averaging or blending competing definitions.,SHOW_BOTH: present every definition with its label; never silently pick one. Multiple valid definitions exist for this metric. See conflicts.md C.006;C.007;C.008;C.009 for the full comparison.,ACTIVE
M.OCC.003,Occupancy by apartment,Occupancy by apartment,Operations,Bed-fill rate at the apartment grain -- primarily supported by get_occupancy_intelligence's 'apartments' output and the heatmap.,"get_occupancy_intelligence's apt/heat CTEs: per-apartment total_beds, occupied_beds_now, day-weighted occupancy_pct, monthly heatmap.","beds, apartments, tenant_allotments; None (get_occupancy_intelligence has no exported output rows); get_occupancy_intelligence (full body exported)","apartments.id, apartment_code, property_id; beds joined per apartment; tenant_allotments per bed","org=organization_id; property=property_id (via apartment); tenant/allotment=apartment_id (grain), bed_id (input)",organization; property; tenant/allotment/bed; time (month),"Window-bounded (p_from/p_to parameters, day-level)","Day-weighted occupied_days/available_days per apartment, plus current-snapshot occupied_beds_now (status_now IN ('occupied','notice'))",beds.status='Live' AND apartments.status='Live',Not applicable,Not applicable,Bounded by the p_from/p_to parameters supplied; underlying data spans 2019-11 to 2026-08.,,No exported output to validate against -- Not determinable from exported evidence whether a reconstruction matches production output.,C.006;C.008,DQ.004,NOT_DETERMINABLE,NOT_DETERMINABLE,Only questions about whether/how occupancy by apartment COULD be reconstructed -- never a claimed actual value.,Presenting a reconstructed value as if it were confirmed against production output.,No exported reference exists to validate this metric; state that reconstruction is possible but unverified.,ACTIVE_UNVERIFIED
M.OCC.004,Occupancy by bed,Occupancy by bed,Operations,"Per-bed status/history -- get_bed_occupancy_timeline (day-range state list) and get_occupancy_intelligence's 'beds' output (score, fill/stay/turnover metrics).","get_bed_occupancy_timeline(bed_id, from, to): occupied/vacant day-range segments per bed. get_occupancy_intelligence: adds occupancy_pct, avg_fill_days, avg_stay_days, turnover, realized/potential revenue, a 0-100 score.","tenant_allotments (+ beds/apartments for availability window); get_bed_occupancy_timeline, get_occupancy_intelligence (both bodies exported)","tenant_allotments.onboarding_date, actual_exit_date, staying_status, monthly_rental, bed_id","org=organization_id; property=Via bed->apartment->property; tenant/allotment=bed_id (native grain), tenant_id per segment",organization; property; tenant/allotment/bed,"onboarding_date, actual_exit_date, day-range window [p_from,p_to] clamped to LEAST(p_to, CURRENT_DATE)","Day-range segmentation (occupied/vacant), then per-bed aggregate stats","staying_status IN ('Staying','On-Notice','Exited') AND onboarding_date IS NOT NULL",Not applicable,Not applicable,"Full tenant_allotments history for the bed in question, clamped to the query window and apartment availability (start_date/end_date).",,No exported output exists for either function at the per-bed grain.,C.008,,NOT_DETERMINABLE,NOT_DETERMINABLE,Only questions about whether/how occupancy by bed COULD be reconstructed -- never a claimed actual value.,Presenting a reconstructed value as if it were confirmed against production output.,No exported reference exists to validate this metric; state that reconstruction is possible but unverified.,ACTIVE_UNVERIFIED
M.TEN.001,Staying tenants,Staying tenants,Operations,Tenants/allotments currently in Staying status.,"COUNT(*) WHERE staying_status = 'Staying', at either the allotment grain or DISTINCT tenant_id grain.","tenant_allotments; v_active_tenants (F.022, tenant-grained, combines Staying+On-Notice, not Staying alone)","tenant_allotments.staying_status, tenant_id, bed_id","org=organization_id; property=property_id; tenant/allotment=tenant_id, allotment_id",organization; property; tenant/allotment/bed,Not applicable (current-state field),COUNT(*) or COUNT(DISTINCT tenant_id),staying_status = 'Staying',Not applicable,Not applicable,tenant_allotments.onboarding_date: 2019-11-03 to 2026-08-31.,,"H.013 allotment_status_rollup (validated: OCC.13, exact match, 168).",,DQ.003,SAFE,SAFE,"Direct questions about staying tenants (current value, trend, by-period, by-property where grain supports it).",None beyond the metric's own documented scope (see Known limitations).,,ACTIVE
M.TEN.002,On-Notice tenants,On-Notice tenants,Operations,Tenants/allotments currently in On-Notice status (given notice to vacate but not yet exited).,COUNT(*) WHERE staying_status = 'On-Notice'.,"tenant_allotments; None isolates this alone (v_occupancy's on_notice column is DEFECTIVE, see M.OCC.005)","tenant_allotments.staying_status, bed_id, tenant_id","org=organization_id; property=property_id; tenant/allotment=tenant_id, allotment_id",organization; property; tenant/allotment/bed,Not applicable,COUNT(*),staying_status = 'On-Notice',Not applicable,Not applicable,Same as M.TEN.001.,,"H.011/H.013 (validated: OCC.14, exact match, 7; OCC.03/05 confirm the downstream defect).",C.009,DQ.005,SAFE,SAFE,"Direct questions about on-notice tenants (current value, trend, by-period, by-property where grain supports it).",None beyond the metric's own documented scope (see Known limitations).,,ACTIVE
M.TEN.003,Booked beds,Booked beds,Operations,"Beds with a future/pending tenant allotment (Booked status, not yet moved in).",COUNT(*) beds WHERE NOT has_staying AND has_booked (per v_occupancy's construction) or COUNT(DISTINCT tenant_id) WHERE staying_status='Booked' (per v_active_tenants).,"beds, tenant_allotments; v_occupancy (F.005, bed-grained), v_active_tenants (F.022, tenant-grained); get_universal_metrics, get_universal_metrics_v2","tenant_allotments.staying_status='Booked', bed_id, tenant_id",org=organization_id; property=property_id; tenant/allotment=bed_id or tenant_id depending on definition,organization; property; tenant/allotment/bed,Not applicable,COUNT,staying_status='Booked',Not applicable,Not applicable,"H.014: 4 Booked allotments, min onboarding 2026-08-01, max 2026-08-16 -- ALL very recent (this status is inherently forward-looking).",,"F.022 v_active_tenants.booked_tenants (validated: OCC.11, exact match, 4); v_occupancy's booked column (validated: OCC construction consistent, 4).",,,SAFE,SAFE,"Direct questions about booked beds (current value, trend, by-period, by-property where grain supports it).",None beyond the metric's own documented scope (see Known limitations).,,ACTIVE
M.OCC.005,Historical occupancy,Historical occupancy,Operations,Occupancy over time (not just right now) -- see M.OCC.001 Def E and get_occupancy_intelligence.,"Occupied beds per calendar month, reconstructed from the dated allotment intervals: a bed counts for a month when a stint's [onboarding_date, COALESCE(actual_exit_date, export snapshot)] interval meets that month. Two readings are computed and both are returned: (1) occupied at any point in the month, (2) held on the last day of the month the export covers. Neither is selected. Bed universe is Live beds in Live apartments, the same universe as M.OCC.001 Def A/B. This is a bed COUNT per month, not the day-weighted ratio of M.OCC.003/004.","tenant_allotments, beds, apartments","tenant_allotments.staying_status, bed_id, onboarding_date, actual_exit_date; beds.status, apartment_id; apartments.status",org=organization_id; property=property_id; tenant/allotment=bed_id,organization; property; tenant/allotment/bed,"onboarding_date and actual_exit_date (the stint interval). Months are enumerated from the earliest recorded onboarding to the export snapshot; the series is not parameterised by a caller-supplied window.","COUNT(DISTINCT bed_id) per month, computed twice under the two membership readings. No day-weighting, no ratio, no averaging across months, and the two readings are never blended.","staying_status IN ('Staying','On-Notice','Exited')",Not applicable,Not applicable,"Full history available: 2019-11-03 to 2026-08-31 (tenant_allotments.onboarding_date, the widest span of any domain).",M.OCC.001,"H.012e (194/203, cross-referenced in OCC printout, not independently re-derived as a day-weighted calc in this pass's scripts -- the bed-set-membership check (Staying+On-Notice+Exited, ALL beds) IS validated via OCC.07/07b as the closest available proxy).",C.006;C.008,DQ.004,SHOW_BOTH,SHOW_BOTH,"Questions about historical occupancy may be answered ONLY by presenting all competing definitions side by side, each labelled.",Stating a single historical occupancy figure without naming which definition it is; averaging or blending competing definitions.,"Occupied beds are counted month by month from the dates on each stay. Two readings are supported and both are shown: a bed occupied at any point in the month, and a bed held on the month's last recorded day. They differ wherever a bed changed hands mid-month, and the records do not settle which reading the business uses.",ACTIVE
M.LIFE.001,Tenant lifecycle (staying_status sync),Tenant lifecycle (staying_status sync),Operations,How a tenant's overall status is derived from their (possibly multiple) allotments.,"tenants.staying_status is DERIVED, not independent: priority order Staying(1) > On-Notice(2) > Booked(3) > else(4), tie-broken by most-recently-created allotment, kept in sync by sync_tenant_staying_status (AFTER INSERT/UPDATE) and sync_tenant_staying_status_on_delete (AFTER DELETE) on tenant_allotments.","tenant_allotments, tenants; sync_tenant_staying_status, sync_tenant_staying_status_on_delete (both bodies fully exported)","tenant_allotments.staying_status, tenant_id, created_at; tenants.staying_status","org=organization_id; property=Not applicable (tenant-level, can span properties); tenant/allotment=tenant_id (native grain)",organization; tenant/allotment/bed,created_at (tie-break only),Not an aggregation -- a per-tenant derivation rule,None (the trigger scans ALL of a tenant's allotments),Not applicable,Not applicable (tenants/tenant_allotments have no is_deleted column),"Full history, 2019-11 to 2026-08.",,"Not independently re-executed in this pass's scripts (the derivation is a row-level trigger rule, not an aggregate to compare against a view) -- confidence is from reading both full function bodies directly (business_logic.md 10.1).",,,SAFE,SAFE,"Direct questions about tenant lifecycle (staying_status sync) (current value, trend, by-period, by-property where grain supports it).",None beyond the metric's own documented scope (see Known limitations).,,ACTIVE
M.LIFE.002,Move-ins,Move-ins,Operations,Tenant onboarding events.,"tenant_allotments WHERE onboarding_date IS NOT NULL, event_date=onboarding_date, event='move_in'.",tenant_allotments; v_tenant_lifecycle_events (F.017),"tenant_allotments.onboarding_date, tenant_id, allotment_id, staying_status, bed_id, apartment_id, property_id","org=organization_id; property=property_id; tenant/allotment=tenant_id, allotment_id",organization; property; tenant/allotment/bed; time (month),onboarding_date,"COUNT(*) or list, groupable by month",onboarding_date IS NOT NULL,Not applicable,Not applicable,2019-11-03 to 2026-08-31 (67 months).,,"F.017 v_tenant_lifecycle_events (2204 rows, full population, exact SQL reproduced in business_logic.md 10.2; not independently re-executed as a row-count check in this pass's scripts, but the UNION ALL construction is simple and fully specified from source).",,,SAFE,SAFE,"Direct questions about move-ins (current value, trend, by-period, by-property where grain supports it).",None beyond the metric's own documented scope (see Known limitations).,,ACTIVE
M.LIFE.003,Move-outs,Move-outs,Operations,Tenant exit events.,"tenant_allotments WHERE actual_exit_date IS NOT NULL, event_date=actual_exit_date, event='move_out'.",tenant_allotments; v_tenant_lifecycle_events (F.017),"tenant_allotments.actual_exit_date, tenant_id, allotment_id, staying_status","org=organization_id; property=property_id; tenant/allotment=tenant_id, allotment_id",organization; property; tenant/allotment/bed; time (month),actual_exit_date,"COUNT(*) or list, groupable by month",actual_exit_date IS NOT NULL,Not applicable,Not applicable,"tenant_allotments.actual_exit_date: 2022-11-20 to 2026-09-20 (47 months, including a small forward-dated tail).",,Same as M.LIFE.002.,,,SAFE,SAFE,"Direct questions about move-outs (current value, trend, by-period, by-property where grain supports it).",None beyond the metric's own documented scope (see Known limitations).,,ACTIVE
M.LIFE.004,Exit reconciliation,Exit reconciliation,Operations,"For each Exited allotment, what's still outstanding: AR dues, deposit/advance held, EB already invoiced, exit charges already invoiced, and the latest settlement status.","v_exit_reconciliation_worklist: joins tenant_allotments (staying_status='Exited') to v_tenant_current_dues (Def B AR, reversals INCLUDED), plus LATERAL sums of invoices by reference_type/invoice_type, plus the latest deposit_settlements row per allotment.","tenant_allotments, tenants, apartments, beds, properties, invoices, deposit_settlements; v_exit_reconciliation_worklist (F.027, byte-identical duplicate at H.047)",See business_logic.md 10.4 for the full join list,"org=organization_id; property=property_id; tenant/allotment=tenant_id, allotment_id (native grain)",organization; property; tenant/allotment/bed,actual_exit_date,Not an aggregation -- a per-allotment worklist (45 rows),staying_status='Exited' AND (ar_balance<>0 OR deposit_held+booking_advance>0),dues_now (ar_balance) uses M.AR.001B's convention (reversals INCLUDED) -- NOT the reversal-excluded convention.,eb_already/exit_charge_already exclude soft-deleted invoices (is_deleted=false); deposit settlement lookup excludes soft-deleted settlements.,"Bounded to currently-Exited allotments with an outstanding balance -- a live worklist, not a historical time series.",,"F.027 v_exit_reconciliation_worklist (45 rows; not independently re-executed as a full reconstruction in this pass's scripts given its 8-way join complexity, but every one of its component parts -- AR via M.AR.001B, invoice filters, deposit settlement lookup -- IS independently validated elsewhere in this document).",C.001,,SAFE,SAFE,"Direct questions about exit reconciliation (current value, trend, by-period, by-property where grain supports it).",None beyond the metric's own documented scope (see Known limitations).,,ACTIVE
M.MAINT.001,Maintenance volume,Maintenance volume,Operations,"Ticket counts: total, open, closed, by month/property.","COUNT(*) FROM maintenance_tickets, GROUP BY status/month/property.",maintenance_tickets; v_maintenance_metrics (F.015),"maintenance_tickets.status, created_at, organization_id, property_id",org=organization_id; property=property_id; tenant/allotment=Not applicable,organization; property; tenant/allotment/bed; time (month),created_at,COUNT(*) per status/month,status IN/NOT IN closed states depending on the question,Not applicable,Not applicable (no is_deleted column on maintenance_tickets),"2025-01-29 to 2026-08-29 (20 months, created_at) -- the SHORTEST domain coverage of any operational area in the package. Do not manufacture a YoY comparison for maintenance.",,"M.006 exact row count (1611, live table); H.019's 1613 figure (validated: MAINT.01/MAINT.01b, exact match AND mechanism proven).",,DQ.027,SAFE,SAFE,"Direct questions about maintenance volume (current value, trend, by-period, by-property where grain supports it).",None beyond the metric's own documented scope (see Known limitations).,,ACTIVE
M.MAINT.002,Maintenance cost (2 paths),Maintenance cost (2 paths),Operations,"Cost of maintenance activity -- TWO independent linkage paths coexist, answering different questions.","Path A (v_maintenance_metrics): maintenance_tickets LEFT JOIN ticket_resolutions LEFT JOIN expenses ON ticket_resolution_id, dated by ticket created_at month. Path B (v_maintenance_by_issue_type): expenses.issue_type_id direct join to issue_types, requires ticket_resolution_id IS NOT NULL, dated by expense_date.","maintenance_tickets, ticket_resolutions, expenses, issue_types; v_maintenance_metrics (F.015, Path A), v_maintenance_by_issue_type (F.016, Path B)","ticket_resolutions.ticket_id; expenses.ticket_resolution_id, issue_type_id, amount, expense_date",org=organization_id; property=property_id; tenant/allotment=Not applicable,organization; property; tenant/allotment/bed; time (month),Path A: maintenance_tickets.created_at (ticket creation month). Path B: expenses.expense_date.,SUM(expenses.amount) per path,"Path A: none beyond the joins (LEFT JOIN, cost=0 if unlinked). Path B: ticket_resolution_id IS NOT NULL.",Not applicable,Not applicable,Same 20-month window as M.MAINT.001 for tickets; expenses.expense_date extends back to 2023-03.,M.MAINT.001,"F.015 v_maintenance_metrics (validated: MAINT.02, exact match Rs.28,796.00); F.016 v_maintenance_by_issue_type (validated: MAINT.03/04, exact match, 15 resolved_tickets / Rs.28,796.00); cross-check between paths (validated: MAINT.05, exact match).",C.023,DQ.027;DQ.034,SAFE,SAFE,"Direct questions about maintenance cost (2 paths) (current value, trend, by-period, by-property where grain supports it).",None beyond the metric's own documented scope (see Known limitations).,,ACTIVE
M.EB.001,EB/electricity usage and cost,EB/electricity usage and cost,Operations,"Electricity consumption (units) and billed cost, at the property/apartment/billing-period level.","electricity_readings (units_consumed, unit_cost per apartment/billing_month) and eb_payments (bill_amount per property/bill_date).","electricity_readings, eb_payments, eb_rates, eb_monitoring_readings; trg_eb_payment_journal_post (posting orchestration, body NOT among the 25 exported)","electricity_readings.units_consumed, unit_cost, billing_month, apartment_id; eb_payments.bill_amount, bill_date, payment_date",org=organization_id; property=property_id; tenant/allotment=Not applicable at this grain (see M.EB.002 for tenant-level allocation),organization; property; tenant/allotment/bed; time (month),"electricity_readings.billing_month (TEXT, 'Mon-YY' format -- see Known limitations); eb_payments.bill_date (a real DATE column)","SUM(units_consumed), SUM(bill_amount)",None required for a raw sum,Not applicable at the source-table level. Ledger side (via owner_payments-style posting) is NOT determinable from exported evidence -- trg_eb_payment_journal_post's body is not among the 25 exported.,Not applicable (no is_deleted column on any EB table).,"electricity_readings: created_at 2026-03-20 to 2026-07-31 (5 months, EXPORT timing, not necessarily billing coverage -- billing_month values span a much wider historical range in 'Mon-YY' text form, e.g. 'May-24'). eb_payments: bill_date 2026-04-29 to 2026-06-27 (ONLY 2 months -- the narrowest coverage of any financial domain in the package). eb_monitoring_readings: a SINGLE DAY snapshot (2026-08-18, all 35 rows).",,"Format-mismatch fully re-verified in this pass (validate_eb.py EB.03-07, all exact matches to the 0%/100% pattern); eb_payments 2-month coverage re-verified (EB.08, exact match).",,DQ.021;DQ.028,DISCLOSE,DISCLOSE,"Questions about eb/electricity usage and cost may be answered directly, WITH the caveat text attached every time.",Stating eb/electricity usage and cost without its caveat text; using it as if it were reconciled against every alternative source.,"DISCLOSE: answer, but state the known limitation. See data_quality_report.md DQ.021;DQ.028.",ACTIVE
M.EB.002,EB tenant allocation,EB tenant allocation,Operations,"How one apartment's electricity bill is allocated across the tenants who occupied it that month, proportional to days stayed.",per_day_rate = ROUND(total_apartment_bill / total_tenant_days); tenant_eb_charge = per_day_rate * tenant_stay_days. Formula reverse-engineered from data (NOT from an exported function body -- no allocation function is among the 25 exported).,eb_tenant_shares,"eb_tenant_shares.total_apartment_bill, total_tenant_days, per_day_rate, tenant_stay_days, tenant_eb_charge, invoice_id, apartment_id, billing_month",org=organization_id; property=Via apartment_id; tenant/allotment=tenant_id (native grain),organization; property; tenant/allotment/bed; time (month),"billing_month (TEXT, 'Mon-YY' format -- same DQ.028 defect as M.EB.001)","Per-row formula, not an aggregation (each row is one tenant's allocated share for one apartment/month)",None required,Not applicable,Not applicable,"created_at 2026-04-07 to 2026-08-08 (5 months, export timing); billing_month text values span a wider historical range.",M.EB.001,"Formula verification (validated: EB.01/EB.02, both 801/801 exact matches -- upgraded from business_logic.md's original 5-row spot-check to a full-population proof in this pass).",,DQ.028,DISCLOSE,DISCLOSE,"Questions about eb tenant allocation may be answered directly, WITH the caveat text attached every time.",Stating eb tenant allocation without its caveat text; using it as if it were reconciled against every alternative source.,"DISCLOSE: answer, but state the known limitation. See data_quality_report.md DQ.028.",ACTIVE
M.RISK.001,Outstanding dues,Outstanding dues,Risk & Data Quality,"Cross-reference to M.AR.001A-D -- 'outstanding dues' is the same 4-way conflict, framed as a risk metric.",See M.AR.001A-D.,"See M.AR.001A-D; F.006, F.007",See M.AR.001A-D,org=organization_id; property=See M.AR.003; tenant/allotment=See M.AR.002,organization; property; tenant/allotment/bed,See M.AR.001A-D,See M.AR.001A-D,See M.AR.001A-D,See M.AR.001A-D,See M.AR.001A-D,See M.AR.001A-D,M.AR.001A;M.AR.001B;M.AR.001C;M.AR.001D,Same as M.AR.001A-D.,C.001;C.003;C.005,DQ.002;DQ.019,BLOCK,BLOCK,"Only meta-questions (""why can't you tell me outstanding dues"", ""what are the competing definitions"") -- never a single-number answer.","Any direct ""the outstanding dues is X"" answer; picking the definition that looks most favourable; silently defaulting to one definition.",BLOCKED: do not state a single number for this metric. Conflicting definitions exist (see conflicts.md C.001;C.003;C.005). See data_quality_report.md DQ.002;DQ.019.,ACTIVE_BLOCKED
M.RISK.002,Aging,Aging,Risk & Data Quality,AR aged into 0-30/31-60/61-90/90+ day buckets by charge date.,"v_tenant_aging: buckets by CURRENT_DATE - charge_date, on raw journal_lines account 1200 (reversals INCLUDED, same convention as M.AR.001B).","journal_lines, journal_entries, coa_accounts; v_tenant_aging (F.008)","journal_lines.debit, credit, party_id, allotment_id; journal_entries.entry_date","org=organization_id; property=Not carried directly; tenant/allotment=tenant_id, allotment_id",organization; property; tenant/allotment/bed,"CURRENT_DATE - entry_date (bucket boundary), entry_date (charge date itself)","SUM(net) per bucket per (tenant_id, allotment_id)",account_code='1200' AND party_kind='tenant',"INCLUDED (same convention as M.AR.001B, v_tenant_current_dues).",Inherited via reversal mechanism.,"Full ledger AR history, 2019-11 to 2026-09.",,"Not independently re-executed in this pass's scripts (a snapshot-dependent calculation cannot be meaningfully re-validated against a frozen export without first fixing the same as-of date the export used, which was not separately recorded per-row in F.008).",C.019,DQ.018;DQ.036,DISCLOSE,DISCLOSE,"Questions about aging may be answered directly, WITH the caveat text attached every time.",Stating aging without its caveat text; using it as if it were reconciled against every alternative source.,"DISCLOSE: answer, but state the known limitation. See data_quality_report.md DQ.018. See conflicts.md C.019.",ACTIVE
M.RISK.003,Deposit risk,Deposit risk,Risk & Data Quality,Umbrella metric combining phantom deposits (M.RISK.004) and deposit settlement anomalies (premature/duplicate/transfer-double-count).,"UNION of v_diag_deposit_phantom (32 rows) and v_deposit_ledger_anomalies (22 rows, 3 anomaly types).","tenant_allotments, deposit_settlements, journal_lines/journal_entries/coa_accounts; v_diag_deposit_phantom (H.045), v_deposit_ledger_anomalies (H.046); validate_deposit_settlement (write-time constraint, body exported)",See M.RISK.004 and business_logic.md 5.4,"org=organization_id; property=Via join; tenant/allotment=tenant_id, allotment_id",organization; property; tenant/allotment/bed,"Various (settlement_date, actual_exit_date)",COUNT(*) per anomaly type,See M.RISK.004 and 5.4,"Not applicable (source-table anomaly detection, not ledger totals)",NOT is_deleted filters applied throughout,"Bounded to currently-flagged rows (a live worklist, not a time series).",M.RISK.004;M.DEP.002,"H.045 (validated: DEP.06, exact match, 32); H.046 (not independently re-executed as a full 3-way anomaly reconstruction in this pass's scripts, given its complexity -- recorded as a follow-up).",,DQ.011;DQ.012;DQ.035,DISCLOSE,DISCLOSE,"Questions about deposit risk may be answered directly, WITH the caveat text attached every time.",Stating deposit risk without its caveat text; using it as if it were reconciled against every alternative source.,"DISCLOSE: answer, but state the known limitation. See data_quality_report.md DQ.011;DQ.012.",ACTIVE
M.RISK.004,Phantom deposits,Phantom deposits,Risk & Data Quality,Tenant allotments holding a deposit with no live tenant relationship (Exited/Cancelled) and no settlement record at all.,"tenant_allotments WHERE deposit_paid > 0 AND staying_status IN ('Exited','Cancelled') AND NOT EXISTS(a matching, non-deleted deposit_settlements row).","tenant_allotments, deposit_settlements; v_diag_deposit_phantom (H.045)","tenant_allotments.deposit_paid, staying_status, actual_exit_date, id; deposit_settlements.allotment_id, is_deleted","org=organization_id; property=Via join; tenant/allotment=tenant_id, allotment_id",organization; property; tenant/allotment/bed,Not applicable (current-state check),"COUNT(*), and SUM(deposit_paid) for the amount at risk","deposit_paid>0 AND staying_status IN ('Exited','Cancelled')",Not applicable,deposit_settlements filtered to NOT is_deleted for the existence check,Current-state check across the full tenant_allotments history.,,"H.045 v_diag_deposit_phantom (validated: DEP.06, exact match, 32 allotments); amount at risk (validated: DEP.07, Rs.722,700.00 -- a NEW figure, H.045 does not export a summed amount, computed here for the first time).",,DQ.011;DQ.035,DISCLOSE,DISCLOSE,"Questions about phantom deposits may be answered directly, WITH the caveat text attached every time.",Stating phantom deposits without its caveat text; using it as if it were reconciled against every alternative source.,"DISCLOSE: answer, but state the known limitation. See data_quality_report.md DQ.011.",ACTIVE
M.RISK.005,Duplicate invoices,Duplicate invoices,Risk & Data Quality,"Invoices that appear more than once for the same (allotment, billing_month, invoice_type).","GROUP BY allotment_id, billing_month, invoice_type HAVING COUNT(*) > 1, on live invoices.","invoices; None (H.055 is an ad-hoc diagnostic, not a stored view)","invoices.allotment_id, billing_month, invoice_type, total_amount, invoice_number, is_deleted",org=organization_id; property=Via allotment join; tenant/allotment=allotment_id (grouping key),organization; property; tenant/allotment/bed; time (month),Not applicable to the grouping itself (billing_month is the grouping key),"COUNT(*), SUM(total_amount) per group",NOT is_deleted,Not applicable,Live rows only,"Full invoices history, 2023-02 to 2026-09.",,"H.055 duplicate_invoices (validated: DQ.013/DQ.013b in validate_data_quality.py, exact match, 322 groups / 356 excess rows -- independently re-derived from raw invoices in this pass, not merely re-read from the diagnostic).",C.020,DQ.013,DISCLOSE,DISCLOSE,"Questions about duplicate invoices may be answered directly, WITH the caveat text attached every time.",Stating duplicate invoices without its caveat text; using it as if it were reconciled against every alternative source.,"DISCLOSE: answer, but state the known limitation. See data_quality_report.md DQ.013. See conflicts.md C.020.",ACTIVE
M.RISK.006,Duplicate receipts,Duplicate receipts,Risk & Data Quality,Receipts flagged as likely duplicates by the application's own (partial) detection mechanism.,"receipts_dedup_audit table: groups by (tenant_id, payment_date, amount_paid, reference_number), duplicate_count 2-6, one-time detection pass (detected_at all = 2026-04-22).","receipts_dedup_audit, receipts","receipts_dedup_audit.tenant_id, payment_date, amount_paid, reference_number, duplicate_count, receipt_ids, detected_at",org=organization_id; property=Not carried; tenant/allotment=tenant_id,organization; property; tenant/allotment/bed,"detected_at (single value, not a range)","COUNT(*) groups, SUM per group",None (the table itself IS the filtered result),Not applicable,"Cross-checked in this pass: of 23 flagged receipt_ids, only 11 still exist in the receipts export (12 were HARD-deleted, not soft-deleted, since detection); NONE of the remaining 11 are soft-deleted -- detection did NOT drive remediation.","One-time detection snapshot (2026-04-22), not an ongoing feed.",,"Not independently re-executed as a fresh detection pass in this pass's scripts (the 9-group/23-id/11-live cross-check was performed and confirmed during the conflicts.md pass, C.018/C.020, and is carried forward here as an established fact, not re-derived).",C.018;C.020,DQ.014,DISCLOSE,DISCLOSE,"Questions about duplicate receipts may be answered directly, WITH the caveat text attached every time.",Stating duplicate receipts without its caveat text; using it as if it were reconciled against every alternative source.,"DISCLOSE: answer, but state the known limitation. See data_quality_report.md DQ.014. See conflicts.md C.018;C.020.",ACTIVE
M.RISK.007,Overlapping allotments,Overlapping allotments,Risk & Data Quality,Two tenant_allotments rows for the same bed with overlapping date ranges -- a concurrent-occupancy data-quality signal.,"For each bed_id, pairwise interval-overlap check on [onboarding_date, COALESCE(actual_exit_date, snapshot_date)].",tenant_allotments; None (H.056 is an ad-hoc diagnostic),"tenant_allotments.bed_id, onboarding_date, actual_exit_date",org=organization_id; property=Via bed->apartment->property; tenant/allotment=bed_id (grouping key),organization; property; tenant/allotment/bed,"onboarding_date, actual_exit_date",COUNT(*) overlapping pairs,bed_id IS NOT NULL,Not applicable,Not applicable,"Full tenant_allotments history, 2019-11 to 2026-08.",,"H.056 overlapping_allotments (validated: DQ.003 in validate_data_quality.py, DIFFERS: 214 reconstructed vs 187 reference, ~14% higher, explained by boundary-condition sensitivity, not a data error).",,DQ.003,DISCLOSE,DISCLOSE,"Questions about overlapping allotments may be answered directly, WITH the caveat text attached every time.",Stating overlapping allotments without its caveat text; using it as if it were reconciled against every alternative source.,"DISCLOSE: answer, but state the known limitation. See data_quality_report.md DQ.003.",ACTIVE
M.RISK.008,Ledger/source reconciliation,Ledger/source reconciliation,Risk & Data Quality,"Umbrella cross-reference to the three source-vs-ledger drift checks (receipts, invoices, deposit settlements).","See M.COL.003 (receipts), M.INV.001's ledger cross-check (invoices), M.DEP.002 (deposit settlements).",See each component metric; v_je_amount_reconciliation logic (H.001),See each component metric,org=organization_id; property=See each component; tenant/allotment=See each component,organization; property; tenant/allotment/bed,See each component metric,See each component metric,See each component metric,"Sign-inverted netting convention (H.001's own construction, business_logic.md 1.3 definition C) across all three.",Live rows only on the source side throughout.,See each component metric.,M.COL.003;M.INV.001;M.DEP.002,"All three independently re-derived and exact-matched to H.001 in this pass (COLL.02, and the invoice/deposit equivalents referenced in M.INV.001/M.DEP.002).",C.014;C.015;C.016,DQ.006;DQ.007;DQ.008,DISCLOSE,DISCLOSE,"Questions about ledger/source reconciliation may be answered directly, WITH the caveat text attached every time.",Stating ledger/source reconciliation without its caveat text; using it as if it were reconciled against every alternative source.,"DISCLOSE: answer, but state the known limitation. See data_quality_report.md DQ.006;DQ.007;DQ.008. See conflicts.md C.014;C.015;C.016.",ACTIVE
M.RISK.009,Data-quality score / trust status,Data-quality score / trust status,Risk & Data Quality,A meta-metric: how much of the metric catalog is SAFE to answer directly vs requires disclosure/showing both/blocking.,COUNT of metrics in this registry by ai_trust_status.,metric_registry.csv (this deliverable's own output); N/A; N/A,ai_trust_status column of metric_registry.csv,org=Not applicable; property=Not applicable; tenant/allotment=Not applicable,tenant/allotment/bed,Not applicable,COUNT(*) GROUP BY ai_trust_status,None,Not applicable,Not applicable,Reflects this deliverable's snapshot as of 2026-08-31 (today).,ALL,Self-validating: this document's closing summary counts are derived directly from metric_registry.csv.,,,SAFE,SAFE,"Direct questions about data-quality score / trust status (current value, trend, by-period, by-property where grain supports it).",None beyond the metric's own documented scope (see Known limitations).,,ACTIVE
M.RENT.001,Current rent per bed,Current rent per bed,Financial,"The monthly rent recorded on the allotment currently occupying each bed. Rent is a per-bed figure: the beds inside one apartment routinely carry different rents, so no single apartment-level or property-level rent exists.","tenant_allotments.monthly_rental of the live allotment on each bed (staying_status='Staying' AND actual_exit_date IS NULL), one value per bed. Never summed and never averaged into an apartment figure.","tenant_allotments, beds, apartments; v_export_tenant_allotments (pass-through)","tenant_allotments.monthly_rental, bed_id, apartment_id, staying_status, actual_exit_date, onboarding_date; beds.bed_code, status; apartments.apartment_code","org=organization_id; property=via apartment; apartment=apartment_id; bed=bed_id (native grain); tenant/allotment=tenant_id, id",organization; property; apartment; bed,onboarding_date (used only to pick the latest allotment on a bed; monthly_rental itself carries no effective date),None -- one recorded value per bed. NEVER SUM or average across beds.,staying_status='Staying' AND actual_exit_date IS NULL,Not applicable (not a ledger-derived metric).,Not applicable; Cancelled allotments are excluded by the staying_status filter.,"CURRENT STATE ONLY. monthly_rental carries no effective date and the export has no update tracking (v_export_tenant_allotments emits updated_at as a literal NULL), so a rent in force during a past period is NOT derivable from this evidence.",,"FN.get_occupancy_intelligence resolves rent per bed as 'select distinct on (bed_id) coalesce(monthly_rental,0) ... order by bed_id, onboarding_date desc' and converts it with '* days / 30.0', confirming both the bed grain and the monthly basis. No exported output rows exist for that function, so the figure is reconciled against the base table only.",,,DISCLOSE,DISCLOSE,Current rent on a named bed; the current rents of the beds in a named apartment; the recorded spread of rent.,"Rent in force during a past period (no effective date exists). A single apartment-level or property-level rent figure. Any total or average presented as 'the rent'. Substituting revenue, invoice amount, amount paid, balance due, owner rent or deposit for rent.","Rent is recorded per bed on the allotment occupying it, and the beds in one apartment often carry different rents, so there is no single apartment rent. Recorded zero values are kept as recorded: the export does not establish whether a zero is a genuine zero-rent arrangement or a rent that was never entered.",ACTIVE
M.RENT.002,Historical rent per bed,Rent recorded for a past month,Financial,"The monthly rent recorded against each bed for a named past month, taken from the stay that occupied the bed in that month. Rent is a per-bed figure and stays one here: beds inside an apartment routinely carry different rents.","tenant_allotments.monthly_rental of the stint whose [onboarding_date, COALESCE(actual_exit_date, export snapshot)] interval covers the requested month, one value per bed, latest onboarding_date winning a tie. Never summed or averaged.","tenant_allotments, beds, apartments","tenant_allotments.monthly_rental, bed_id, apartment_id, staying_status, onboarding_date, actual_exit_date; beds.bed_code; apartments.apartment_code",org=organization_id; property=via apartment; apartment=apartment_id; bed=bed_id (native grain); tenant/allotment=id,organization; property; apartment; bed; month,"onboarding_date, actual_exit_date (the stint interval that dates the rent)",None -- one recorded value per bed. NEVER SUM or average across beds.,"staying_status IN ('Staying','On-Notice','Exited') AND the stint interval covers the requested month",Not applicable (not a ledger-derived metric).,Cancelled and Booked allotments never occupied the bed and are excluded.,"Stint-level history IS available: a stay's rent is dated by the stay's own interval, and 1003 exited stints carry an exit date. A rent REVISION applied inside a stay is NOT determinable -- tenant_allotments has no updated_at and audit_logs contains no tenant_allotments row and no monthly_rental change.",M.RENT.001,"Same per-bed resolution rule as FN.get_occupancy_intelligence's bed_rent CTE, with the live filter replaced by the requested month's interval overlap.",,,DISCLOSE,DISCLOSE,The rent recorded for a named bed in a named past month; the rents recorded for the beds of a named apartment in a past month.,A rent revision inside a single stay (no revision date exists). A single apartment-level or property-level rent for a past month. Any total or average of rents presented as the rent.,"This is the rent recorded on the stay that occupied each bed in that month. One stay carries one recorded rent for its whole length; if a rent was changed part-way through a stay, the records do not show it.",ACTIVE
M.RENT.003,Published rate card by bed type,Published rate by bed type,Financial,"The monthly rate published for each bed type and bathroom type, with the dates that rate applied. This is a listed rate, not a charged rent.","bed_rates.monthly_rate by (bed_type, toilet_type), restricted to rows whose [from_date, to_date] range covers the requested period.",bed_rates,"bed_rates.bed_type, toilet_type, monthly_rate, from_date, to_date, property_id",org=organization_id; property=property_id; apartment=Not applicable; tenant/allotment=Not applicable; bed type=bed_type+toilet_type (native grain),organization; property; bed type; period,"from_date, to_date (the effective range of the rate)",None -- one published rate per bed type per date range.,date range covering the requested period,Not applicable (not a ledger-derived metric).,Not applicable; no delete flag exists on this table.,"Dated: each row carries from_date and to_date, and the source schema enforces non-overlap per (bed_type, toilet_type, property).",,"Source schema index no_overlapping_bed_rates guarantees the ranges do not overlap, so exactly one rate applies to a bed type at any date.",,,DISCLOSE,DISCLOSE,The published rate for a bed type at a date; how the published rate changed over time.,"What a named tenant paid, or what rent was charged on a named bed -- the card is a listing, and the charged rent is recorded separately on the stay.","This is the published rate for a type of bed, with the dates it applied. It is not what any tenant was charged: the rent recorded against a bed often differs from it.",ACTIVE
M.REV.003,Revenue by apartment,Revenue by apartment,Financial,"Recorded income per apartment, read from the apartment already carried on each journal line. Postings with no apartment are reported unattributed, never divided.","SUM(signed_amount) WHERE account_type='INCOME' GROUP BY the apartment on the journal line, reversal-excluded (the v_account_balances convention). The lines carrying no apartment are reported as a separate unattributed figure.","journal_lines, journal_entries, coa_accounts, apartments","journal_lines.debit, credit, account_id, apartment_id, entry_date, is_reversal_of; coa_accounts.code, account_type, normal_balance; apartments.apartment_code",org=organization_id; property=property_id; apartment=apartment_id (native grain); bed=bed_id (also carried); tenant/allotment=Not applicable,organization; property; apartment; month,entry_date,SUM per apartment. The unattributed figure is never allocated.,account_type='INCOME'; reversal-excluded,"EXCLUDED (v_account_balances convention), identical to M.REV.001/002.","Inherited via reversal exclusion, identical to M.REV.001.","Full ledger span, 2019-11 to 2026-09, at month grain per apartment.",M.REV.001,"Sums to M.REV.001's estate total once the unattributed figure is added back; that identity is the check, and both parts are reported.",,,DISCLOSE,DISCLOSE,"Revenue recorded against a named apartment; revenue by apartment; which apartments recorded the most revenue. A named apartment's revenue MONTH BY MONTH is M.REV.004, not this metric.",Presenting the apartment figures as the whole of revenue without the unattributed amount. Dividing the unattributed amount across apartments. Reading rent as revenue.,"Apartment revenue includes only revenue postings attributed to this apartment. Estate revenue that has no apartment attribution is kept separate and is not allocated across apartments.",ACTIVE
M.EXP.003,Expenses by apartment,Expenses by apartment,Financial,"Recorded expense per apartment, read from the apartment already carried on each journal line. Postings with no apartment are reported unattributed, never divided.","SUM(signed_amount) WHERE account_type='EXPENSE' GROUP BY the apartment on the journal line, reversal-excluded. The source system's own expense-to-bed allocations are reported as corroboration of a subset, never added to this figure.","journal_lines, journal_entries, coa_accounts, apartments; expense_bed_allocations","journal_lines.debit, credit, account_id, apartment_id, entry_date, is_reversal_of; coa_accounts.code, account_type; apartments.apartment_code; expense_bed_allocations.expense_id, bed_id, allocated_amount",org=organization_id; property=property_id; apartment=apartment_id (native grain); bed=bed_id (also carried); tenant/allotment=Not applicable,organization; property; apartment; bed; month; expense category,entry_date,SUM per apartment. The unattributed figure is never allocated.,account_type='EXPENSE'; reversal-excluded,"EXCLUDED (v_account_balances convention), identical to M.EXP.001.","Inherited via reversal exclusion, identical to M.EXP.001.",Full ledger span at month grain per apartment.,M.EXP.001,Sums to M.EXP.001's estate total once the unattributed figure is added back. v_bed_expense_breakdown and expense_bed_allocations cover only the explicitly bed-allocated subset and are NOT used as the population.,,DQ.015,DISCLOSE,DISCLOSE,Expenses recorded against a named apartment; expenses by apartment.,Presenting the apartment figures as the whole of expenses without the unattributed amount. Dividing the unattributed amount. Using the bed-allocated subset as the full expense population. Stating an apartment profit as a single figure.,Part of recorded expense is posted without an apartment on the entry and is shown separately rather than spread across apartments. The electricity bucket caveat that applies to estate expenses applies here too.,ACTIVE
M.REV.004,Revenue by month for one apartment,Revenue by month for one apartment,Financial,"One named apartment's recorded income, month by month, read from the apartment already carried on each journal line. Reported for one apartment at a time: the whole estate by apartment AND by month is a table rather than an answer.","SUM(signed_amount) WHERE account_type='INCOME' AND the journal line's apartment is the named one, GROUP BY month, reversal-excluded (the v_account_balances convention). Only months with a recorded posting appear; an absent month is not shown as zero.","journal_lines, journal_entries, coa_accounts, apartments","journal_lines.debit, credit, account_id, apartment_id, entry_date, is_reversal_of; coa_accounts.code, account_type, normal_balance; apartments.apartment_code",org=organization_id; property=property_id; apartment=apartment_id (required parameter); month=entry_date month (native grain); tenant/allotment=Not applicable,organization; property; apartment; month,entry_date,"SUM per month for the named apartment. No cross-apartment total, no unattributed row -- this metric answers for one apartment only.",account_type='INCOME'; apartment = the named apartment; reversal-excluded,"EXCLUDED (v_account_balances convention), identical to M.REV.001/002/003.","Inherited via reversal exclusion, identical to M.REV.001.","Full ledger span, 2019-11 to 2026-09, restricted to months this apartment has a posting in.",M.REV.003,Each month's figure is the same rows M.REV.003 totals for this apartment; the months sum to that apartment's M.REV.003 figure.,,,DISCLOSE,DISCLOSE,"A named apartment's revenue month by month; how one apartment's revenue moved over time. The apartment must be named -- there is no estate-wide form of this metric.","Answering without a named apartment. Presenting an absent month as a zero. Comparing apartments here (M.REV.003 is the apartment comparison). Reading rent as revenue.","Reported for one apartment at a time, and only for the months that apartment has a recorded posting in. A month missing from the series had nothing posted against this apartment; it is not a recorded zero.",ACTIVE
M.EXP.004,Expenses by month for one apartment,Expenses by month for one apartment,Financial,"One named apartment's recorded expenses, month by month, read from the apartment already carried on each journal line. Reported for one apartment at a time, for the same reason revenue is.","SUM(signed_amount) WHERE account_type='EXPENSE' AND the journal line's apartment is the named one, GROUP BY month, reversal-excluded (the v_account_balances convention). Only months with a recorded posting appear; an absent month is not shown as zero.","journal_lines, journal_entries, coa_accounts, apartments","journal_lines.debit, credit, account_id, apartment_id, entry_date, is_reversal_of; coa_accounts.code, account_type; apartments.apartment_code",org=organization_id; property=property_id; apartment=apartment_id (required parameter); month=entry_date month (native grain); tenant/allotment=Not applicable,organization; property; apartment; month,entry_date,"SUM per month for the named apartment. No cross-apartment total and no unattributed row -- this metric answers for one apartment only.",account_type='EXPENSE'; apartment = the named apartment; reversal-excluded,"EXCLUDED (v_account_balances convention), identical to M.EXP.001/003.","Inherited via reversal exclusion, identical to M.EXP.001.","Full ledger span, restricted to months this apartment has a posting in.",M.EXP.003,Each month's figure is the same rows M.EXP.003 totals for this apartment; the months sum to that apartment's M.EXP.003 figure.,,DQ.015,DISCLOSE,DISCLOSE,"A named apartment's expenses month by month; how one apartment's expenses moved over time. The apartment must be named -- there is no estate-wide form of this metric.","Answering without a named apartment. Presenting an absent month as a zero. Comparing apartments here (M.EXP.003 is the apartment comparison). Stating an apartment profit by subtracting this from apartment revenue.","Reported for one apartment at a time, and only for the months that apartment has a recorded posting in. A month missing from the series had nothing posted against this apartment; it is not a recorded zero. The electricity bucket caveat that applies to estate expenses applies here too.",ACTIVE
