schema_name,routine_name,arguments,return_type,definition
public,trg_settlement_journal_post,,trigger,"CREATE OR REPLACE FUNCTION public.trg_settlement_journal_post()
 RETURNS trigger
 LANGUAGE plpgsql
 SECURITY DEFINER
 SET search_path TO 'public'
AS $function$
DECLARE
    v_existing_je uuid;
    v_lines       jsonb;
    v_should_post boolean;
    v_was_posted  boolean;
BEGIN
    v_should_post := COALESCE(NEW.status, '') IN ('completed', 'approved')
                     AND NOT COALESCE(NEW.is_deleted, FALSE);
    v_was_posted  := TG_OP = 'UPDATE'
                     AND COALESCE(OLD.status, '') IN ('completed', 'approved')
                     AND NOT COALESCE(OLD.is_deleted, FALSE);

    IF TG_OP = 'INSERT' THEN
        IF v_should_post THEN
            v_lines := build_settlement_lines(NEW.id);
            IF jsonb_array_length(v_lines) > 0 THEN
                PERFORM post_journal_entry(
                    NEW.organization_id,
                    COALESCE(NEW.settlement_date, current_date),
                    'Deposit settlement',
                    'deposit_settlements', NEW.id, v_lines,
                    jsonb_build_object('status', NEW.status)
                );
            END IF;
        END IF;
        RETURN NEW;
    END IF;

    IF TG_OP = 'UPDATE' THEN
        -- Status transition: not-posted → posted
        IF v_should_post AND NOT v_was_posted THEN
            v_lines := build_settlement_lines(NEW.id);
            IF jsonb_array_length(v_lines) > 0 THEN
                PERFORM post_journal_entry(
                    NEW.organization_id,
                    COALESCE(NEW.settlement_date, current_date),
                    'Deposit settlement',
                    'deposit_settlements', NEW.id, v_lines
                );
            END IF;
            RETURN NEW;
        END IF;
        -- Status transition: posted → not-posted (cancelled, soft-deleted, or rolled back)
        IF v_was_posted AND NOT v_should_post THEN
            v_existing_je := find_journal_entry_for_source('deposit_settlements', NEW.id);
            IF v_existing_je IS NOT NULL THEN
                PERFORM reverse_journal_entry(v_existing_je, 'settlement reverted');
            END IF;
            RETURN NEW;
        END IF;
        -- Both posted, but amounts changed → reverse and repost
        IF v_was_posted AND v_should_post THEN
            IF NEW.deposit_amount IS DISTINCT FROM OLD.deposit_amount
               OR NEW.pending_rent IS DISTINCT FROM OLD.pending_rent
               OR NEW.pending_eb IS DISTINCT FROM OLD.pending_eb
               OR NEW.pending_late_fees IS DISTINCT FROM OLD.pending_late_fees
               OR NEW.damages IS DISTINCT FROM OLD.damages
               OR NEW.other_deductions IS DISTINCT FROM OLD.other_deductions
               OR NEW.refund_amount IS DISTINCT FROM OLD.refund_amount
            THEN
                v_existing_je := find_journal_entry_for_source('deposit_settlements', NEW.id);
                IF v_existing_je IS NOT NULL THEN
                    PERFORM reverse_journal_entry(v_existing_je, 'settlement amounts changed');
                END IF;
                v_lines := build_settlement_lines(NEW.id);
                IF jsonb_array_length(v_lines) > 0 THEN
                    PERFORM post_journal_entry(
                        NEW.organization_id,
                        COALESCE(NEW.settlement_date, current_date),
                        'Deposit settlement (corrected)',
                        'deposit_settlements', NEW.id, v_lines
                    );
                END IF;
            END IF;
        END IF;
        RETURN NEW;
    END IF;

    IF TG_OP = 'DELETE' THEN
        v_existing_je := find_journal_entry_for_source('deposit_settlements', OLD.id);
        IF v_existing_je IS NOT NULL THEN
            PERFORM reverse_journal_entry(v_existing_je, 'settlement hard-deleted');
        END IF;
        RETURN OLD;
    END IF;

    RETURN NULL;
END $function$
"